Time	Lat_GPS	Lon_GPS	Lat_0	Lon_0	Target_Lat	Target_Lon	X_GPS	Y_GPS	X_EKF	Y_EKF	X_Pred	Y_Pred	X_ODO	Y_ODO	Theta	Theta_Target	Theta_Err	VL	VR	DWA_V	DWA_Omega	V_Aktual	Omega_Aktual	PWM_L	PWM_R	Dist_GPS	Dist_EKF	Dist_Travelled	WP	ETA_GPS	ETA_EKF	X_obs	Y_obs	Bump_Sta	Haz_Sta	Pothole_Sta	Frame	FPS	Latency	Arbiter
0	-7.05112	110.39926	-7.05114	110.3993	-7.05086	110.39893	-4.214	2.123	-3.535	2.604	-3.535	2.604	-3.535	2.604	135.6119	121.4	-14.18	0	0	0	0	0	0.0011	0	0	46.04488	46.28955	0	0	0	0	-3.825	2.74163		0		2213	5.82	49.63	AVOID
0.186000109	-7.05112	110.39926	-7.05114	110.3993	-7.05086	110.39893	-4.214	2.123	-3.535	2.604	-3.535	2.604	-3.535	2.604	135.6	118.9	-16.69	0	0	0	0	0	0.0011	0	0	46.04488	46.28955	0	0	0	0	-3.82163	2.74628		0		2214	5.8	44.43	AVOID
0.371999979	-7.05112	110.39926	-7.05114	110.3993	-7.05086	110.39893	-4.214	2.123	-3.535	2.604	-3.535	2.604	-3.535	2.604	135.6	118.6	-17.06	0	0	0	0	0	-0.0011	0	0	46.04488	46.28955	0	0	0	0	-3.8191	2.75126		0		2215	5.78	57.65	AVOID
0.559000015	-7.05112	110.39926	-7.05114	110.3993	-7.05086	110.39893	-4.214	2.123	-3.535	2.604	-3.535	2.604	-3.535	2.604	135.6	117.6	-18	0	0	0	0	0	0.0011	0	0	46.04488	46.28955	0	0	0	0	-3.82642	2.73619		0		2217	5.82	60.75	AVOID
0.748000145	-7.05112	110.39926	-7.05114	110.3993	-7.05086	110.39893	-4.214	2.123	-3.535	2.604	-3.535	2.604	-3.535	2.604	135.6	117.6	-18	0	0	0	0	0	0.0022	0	0	46.04488	46.28955	0	0	0	0	-3.83129	2.74469		0		2218	5.84	77.14	AVOID
0.930999994	-7.05112	110.39926	-7.05114	110.3993	-7.05086	110.39893	-4.214	2.123	-3.535	2.604	-3.535	2.604	-3.535	2.604	135.59418	117.7	-17.89	0	0	0	0	0	-0.0011	0	0	46.04488	46.28955	0	0	0	0	-3.84875	2.727		0		2219	5.82	63.66	AVOID
1.118999958	-7.05112	110.39926	-7.05114	110.3993	-7.05086	110.39893	-4.214	2.123	-3.535	2.604	-3.535	2.604	-3.535	2.604	135.58235	117.7	-17.89	0	0	0	0	0	-0.0011	0	0	46.04488	46.28955	0	0	0	0	-3.84653	2.73252		0		2220	5.81	70.06	AVOID
1.304000139	-7.05112	110.39926	-7.05114	110.3993	-7.05086	110.39893	-4.214	2.123	-3.535	2.604	-3.535	2.604	-3.535	2.604	135.59404	117.7	-17.94	0	0	0	0	0	-0.0011	0	0	46.04488	46.28955	0	0	0	0	-3.84656	2.73245		1		2221	5.8	61.38	AVOID
1.490999937	-7.05112	110.39926	-7.05114	110.3993	-7.05086	110.39893	-4.214	2.123	-3.535	2.604	-3.535	2.604	-3.535	2.604	135.6	117.8	-17.77	0	0	0	0	0	0	0	0	46.04488	46.28955	0	0	0	0	-3.91196	2.70783		3		2222	5.8	80.27	AVOID
1.679000139	-7.05112	110.39926	-7.05114	110.3993	-7.05086	110.39893	-4.214	2.123	-3.535	2.604	-3.535	2.604	-3.535	2.604	135.6	119.5	-16.12	0	0	0	0	0	-0.0011	0	0	46.04488	46.28955	0	0	0	0	-3.94671	2.68702		0		2223	5.79	40.31	AVOID
1.863000154	-7.05112	110.39926	-7.05114	110.3993	-7.05086	110.39893	-4.214	2.123	-3.535	2.604	-3.535	2.604	-3.535	2.604	135.6	120.2	-15.45	0	0	0	0	0	0.0011	0	0	46.04488	46.28955	0	0	0	0	-4.07599	2.60778		0		2224	5.85	38.21	AVOID
2.046000004	-7.05112	110.39926	-7.05114	110.3993	-7.05086	110.39893	-4.214	2.123	-3.535	2.604	-3.65039	2.69959	-3.535	2.604	135.61154	120.2	-15.45	0	0	0.1	0.05346	0	0.0011	0	0	46.04488	46.28955	0	0	0	0				0		2225	5.85	14.56	AVOID
2.235000134	-7.05112	110.39926	-7.05114	110.3993	-7.05086	110.39893	-4.214	2.123	-3.535	2.604	-3.65052	2.69942	-3.535	2.604	135.6	127.6	-8	0	0	0.1	0.05456	0	0.0022	0	0	46.04488	46.28955	0	0	0	0				0		2227	6.16	11.13	AVOID
2.423000097	-7.05112	110.39926	-7.05114	110.3993	-7.05086	110.39893	-4.214	2.123	-3.535	2.604	-3.65021	2.69982	-3.535	2.604	135.6	142.9	7.29	0	0	0.1	0.05236	0	0	3	3	46.04488	46.28955	0	0	0	0				0		2228	6.29	12.58	AVOID
2.611999989	-7.05112	110.39926	-7.05114	110.3993	-7.05086	110.39893	-4.214	2.123	-3.535	2.604	-3.65021	2.69982	-3.535	2.604	135.6	142.9	7.29	0	0	0.1	0.05236	0	0	63	63	46.04488	46.28955	0	0	0	0				0		2230	6.67	12.08	AVOID
2.799000025	-7.05111	110.39926	-7.05114	110.3993	-7.05086	110.39893	-4.214	2.283	-3.593	2.577	-3.70787	2.67324	-3.593	2.577	135.58807	142.8	7.22	0	0	0.1	0.05016	0	-0.0022	75	71	45.94637	46.25961	0	0	0	0				0		2231	6.76	12.5	AVOID
2.98300004	-7.05111	110.39926	-7.05114	110.3993	-7.05086	110.39893	-4.214	2.283	-3.593	2.577	-3.70838	2.67261	-3.593	2.577	135.60572	142.8	7.22	0	0	0.1	0.05346	0	0.0011	75	71	45.94637	46.25961	0	0	0	0				0		2233	7.08	11.83	AVOID
3.170000076	-7.05111	110.39926	-7.05114	110.3993	-7.05086	110.39893	-4.214	2.283	-3.593	2.577	-3.7084	2.67258	-3.593	2.577	135.61747	142.8	7.22	0	0	0.1	0.05346	0	0.0011	75	71	45.94637	46.25961	0	0	0	0				0		2234	7.13	13.53	AVOID
3.35800004	-7.05111	110.39926	-7.05114	110.3993	-7.05086	110.39893	-4.214	2.283	-3.593	2.577	-3.70805	2.67302	-3.593	2.577	135.6	142.8	7.22	0	0	0.1	0.05126	0	-0.0011	75	71	45.94637	46.25961	0	0	0	0				0		2236	7.41	12.52	AVOID
3.544000149	-7.05111	110.39926	-7.05114	110.3993	-7.05086	110.39893	-4.214	2.229	-3.619	2.563	-3.73405	2.65902	-3.619	2.563	135.6	142.8	7.19	0	0	0.1	0.05126	0	-0.0011	75	71	45.97958	46.24735	0	0	0	0	-4.26642	1.82864		0		2237	7.47	41.33	AVOID
3.730000019	-7.05111	110.39926	-7.05114	110.3993	-7.05086	110.39893	-4.214	2.229	-3.619	2.563			-3.619	2.563	135.6	142.8	7.19	0	0	0	0	0	-0.0011	75	71	45.97958	46.24735	0	0	0	0	-4.26642	1.82864		0		2239	7.57	28.31	CRUISE
3.916000128	-7.05111	110.39926	-7.05114	110.3993	-7.05086	110.39893	-4.214	2.229	-3.619	2.563			-3.619	2.563	135.59394	142.8	7.19	0	0	0	0	0	-0.0011	105	101	45.97958	46.24735	0	0	0	0				0		2240	7.6	2.51	CRUISE
4.101999998	-7.05111	110.39926	-7.05114	110.3993	-7.05086	110.39893	-4.214	2.229	-3.619	2.563			-3.619	2.563	135.60601	142.8	7.19	0	0	0	0	0	0.0011	105	101	45.97958	46.24735	0	0	0	0				0		2242	7.74	3.54	CRUISE
4.289000034	-7.05111	110.39926	-7.05114	110.3993	-7.05086	110.39893	-4.214	2.229	-3.619	2.563			-3.619	2.563	135.61775	142.8	7.19	0	0	0	0	0	0.0011	164	140	45.97958	46.24735	0	0	0	0				0		2243	7.81	4.55	CRUISE
4.479000092	-7.05111	110.39926	-7.05114	110.3993	-7.05086	110.39893	-4.214	2.229	-3.619	2.563			-3.619	2.563	135.6	142.8	7.19	0	0	0	0	0	-0.0011	164	140	45.97958	46.24735	0	0	0	0				0		2245	7.91	4.04	CRUISE
4.666000128	-7.05111	110.39926	-7.05114	110.3993	-7.05086	110.39893	-4.214	2.229	-3.619	2.563			-3.619	2.563	135.6	142.8	7.19	0	0	0	0	0	0	164	140	45.97958	46.24735	0	0	0	0				0		2246	7.95	2.52	CRUISE
4.855000019	-7.05111	110.39926	-7.05114	110.3993	-7.05086	110.39893	-4.214	2.283	-3.666	2.541			-3.666	2.541	135.6	142.7	7.13	0	0	0	0	0	0.0011	164	140	45.94637	46.22324	0	0	0	0				0		2248	8.01	2.51	CRUISE
5.036999941	-7.05111	110.39926	-7.05114	110.3993	-7.05086	110.39893	-4.214	2.283	-3.666	2.541			-3.666	2.541	135.6	142.7	7.13	0	0	0	0	0	0	164	140	45.94637	46.22324	0	0	0	0				0		2249	8.05	3.52	CRUISE
5.219000101	-7.05111	110.39926	-7.05114	110.3993	-7.05086	110.39893	-4.214	2.283	-3.666	2.541			-3.666	2.541	135.6	142.7	7.13	0	0	0	0	0	0	164	140	45.94637	46.22324	0	0	0	0				0		2251	8.08	2.34	CRUISE
5.40199995	-7.05111	110.39926	-7.05114	110.3993	-7.05086	110.39893	-4.214	2.283	-3.666	2.541			-3.666	2.541	135.6	142.7	7.13	0	0	0	0	0	0.0011	164	140	45.94637	46.22324	0	0	0	0				0		2252	8.14	4.02	CRUISE
5.587000132	-7.05111	110.39926	-7.05114	110.3993	-7.05086	110.39893	-4.214	2.283	-3.666	2.541			-3.666	2.541	135.6	142.7	7.13	0	0	0	0	0	-0.0011	164	140	45.94637	46.22324	0	0	0	0				0		2254	8.23	3.63	CRUISE
5.772000074	-7.05111	110.39926	-7.05114	110.3993	-7.05086	110.39893	-4.214	2.283	-3.666	2.541			-3.666	2.541	135.6	142.7	7.13	0	0	0	0	0	-0.0011	164	140	45.94637	46.22324	0	0	0	0				0		2255	8.16	4.05	CRUISE
5.957999945	-7.05111	110.39926	-7.05114	110.3993	-7.05086	110.39893	-4.214	2.283	-3.666	2.541			-3.666	2.541	135.61174	142.7	7.13	0	0	0	0	0	0.0022	164	140	45.94637	46.22324	0	0	0	0				0		2257	8.13	2.03	CRUISE
6.147000074	-7.05111	110.39926	-7.05114	110.3993	-7.05086	110.39893	-4.214	2.283	-3.666	2.541			-3.666	2.541	135.61199	142.7	7.13	0	0	0	0	0	0.0022	164	140	45.94637	46.22324	0	0	0	0				0		2259	8.16	2.6	CRUISE
6.337000132	-7.05111	110.39926	-7.05114	110.3993	-7.05086	110.39893	-4.214	2.283	-3.666	2.541			-3.666	2.541	135.63587	142.7	7.13	0	0	0	0	0	0.0022	164	140	45.94637	46.22324	0	0	0	0				0		2260	8.26	2.9	CRUISE
6.521000147	-7.05111	110.39926	-7.05114	110.3993	-7.05086	110.39893	-4.214	2.283	-3.666	2.541			-3.666	2.541	135.60569	142.7	7.13	0	0	0	0	0	0.0011	164	140	45.94637	46.22324	0	0	0	0				0		2262	8.3	2.51	CRUISE
6.713999987	-7.05111	110.39926	-7.05114	110.3993	-7.05086	110.39893	-4.214	2.283	-3.666	2.541			-3.666	2.541	135.6	142.7	7.13	0	0	0	0	0	0.0022	164	140	45.94637	46.22324	0	0	0	0				0		2263	8.32	8.06	CRUISE
6.903000116	-7.05111	110.39926	-7.05114	110.3993	-7.05086	110.39893	-4.214	2.283	-3.666	2.541			-3.666	2.541	135.6	142.7	7.13	0	0	0	0	0	0	164	140	45.94637	46.22324	0	0	0	0				0		2265	8.28	4.01	CRUISE
7.094000101	-7.05111	110.39926	-7.05114	110.3993	-7.05086	110.39893	-4.214	2.283	-3.666	2.541			-3.666	2.541	135.6	142.7	7.13	0	0	0	0	0	0	164	140	45.94637	46.22324	0	0	0	0				0		2266	8.28	3.51	CRUISE
7.286000013	-7.05111	110.39926	-7.05114	110.3993	-7.05086	110.39893	-4.214	2.283	-3.666	2.541			-3.666	2.541	135.6	142.7	7.13	0	0	0	0	0	0	164	140	45.94637	46.22324	0	0	0	0				0		2268	8.21	2.54	CRUISE
7.476999998	-7.05111	110.39926	-7.05114	110.3993	-7.05086	110.39893	-4.214	2.283	-3.666	2.541			-3.666	2.541	135.6	142.7	7.13	0	0	0	0	0	0	164	140	45.94637	46.22324	0	0	0	0				0		2270	8.23	3.6	CRUISE
7.664999962	-7.05111	110.39926	-7.05114	110.3993	-7.05086	110.39893	-4.214	2.283	-3.666	2.541			-3.666	2.541	135.6	142.7	7.13	0	0	0	0	0	-0.0011	164	140	45.94637	46.22324	0	0	0	0				0		2271	8.26	3.39	CRUISE
7.850000143	-7.05111	110.39926	-7.05114	110.3993	-7.05086	110.39893	-4.214	2.283	-3.666	2.541			-3.666	2.541	135.6	142.7	7.13	0	0	0	0	0	0.0011	164	140	45.94637	46.22324	0	0	0	0				0		2273	8.25	3.56	CRUISE
8.035000086	-7.05111	110.39926	-7.05114	110.3993	-7.05086	110.39893	-4.214	2.283	-3.666	2.541			-3.666	2.541	135.6	142.7	7.13	0	0	0	0	0	0	164	140	45.94637	46.22324	0	0	0	0				0		2274	8.19	6.67	CRUISE
8.22300005	-7.05111	110.39926	-7.05114	110.3993	-7.05086	110.39893	-4.214	2.283	-3.666	2.541			-3.666	2.541	135.6	142.7	7.13	0	0	0	0	0	0	164	140	45.94637	46.22324	0	0	0	0				0		2276	8.19	2.62	CRUISE
8.411999941	-7.05111	110.39926	-7.05114	110.3993	-7.05086	110.39893	-4.214	2.283	-3.666	2.541			-3.666	2.541	135.6	142.7	7.13	0	0	0	0	0	0	164	140	45.94637	46.22324	0	0	0	0				0		2277	8.18	3	CRUISE
8.595999956	-7.05111	110.39926	-7.05114	110.3993	-7.05086	110.39893	-4.214	2.283	-3.666	2.541			-3.666	2.541	135.59428	142.7	7.13	0	0	0	0	0	-0.0011	164	140	45.94637	46.22324	0	0	0	0				0		2279	8.31	3.53	CRUISE
8.785000086	-7.05111	110.39926	-7.05114	110.3993	-7.05086	110.39893	-4.214	2.283	-3.666	2.541			-3.666	2.541	135.6	142.7	7.13	0	0	0	0	0	0	164	140	45.94637	46.22324	0	0	0	0				0		2281	8.44	5.17	CRUISE
8.972000122	-7.05111	110.39926	-7.05114	110.3993	-7.05086	110.39893	-4.214	2.283	-3.666	2.541			-3.666	2.541	135.6	142.7	7.13	0	0	0	0	0	0	164	140	45.94637	46.22324	0	0	0	0				0		2282	8.51	3.5	CRUISE
9.157000065	-7.05111	110.39926	-7.05114	110.3993	-7.05086	110.39893	-4.214	2.283	-3.666	2.541			-3.666	2.541	135.6	142.7	7.13	0	0	0	0	0	0	164	140	45.94637	46.22324	0	0	0	0				0		2284	8.58	2.78	CRUISE
9.342000008	-7.05111	110.39926	-7.05114	110.3993	-7.05086	110.39893	-4.214	2.283	-3.666	2.541			-3.666	2.541	135.6	142.7	7.13	0	0	0	0	0	0	164	140	45.94637	46.22324	0	0	0	0				0		2286	8.65	2	CRUISE
9.528000116	-7.05111	110.39926	-7.05114	110.3993	-7.05086	110.39893	-4.214	2.283	-3.666	2.541			-3.666	2.541	135.6	142.7	7.13	0	0	0	0	0	-0.0011	164	140	45.94637	46.22324	0	0	0	0				0		2287	8.7	3	CRUISE
9.71600008	-7.05111	110.39926	-7.05114	110.3993	-7.05086	110.39893	-4.214	2.283	-3.666	2.541			-3.666	2.541	135.6	142.7	7.13	0	0	0	0	0	0.0011	164	140	45.94637	46.22324	0	0	0	0				0		2289	8.63	2.51	CRUISE
9.900000095	-7.05111	110.39926	-7.05114	110.3993	-7.05086	110.39893	-4.214	2.283	-3.666	2.541			-3.666	2.541	135.6	142.7	7.13	0	0	0	0	0	0.0011	164	140	45.94637	46.22324	0	0	0	0				0		2290	8.61	3.01	CRUISE
10.08599997	-7.05111	110.39926	-7.05114	110.3993	-7.05086	110.39893	-4.214	2.283	-3.666	2.541			-3.666	2.541	135.6	142.7	7.13	0	0	0	0	0	-0.0011	164	140	45.94637	46.22324	0	0	0	0				0		2292	8.63	3.54	CRUISE
10.27699995	-7.05111	110.39926	-7.05114	110.3993	-7.05086	110.39893	-4.214	2.283	-3.666	2.541			-3.666	2.541	135.6	142.7	7.13	0	0	0	0	0	0	164	140	45.94637	46.22324	0	0	0	0	-3.83172	1.63808		0		2294	8.6	3.09	CRUISE
10.46700001	-7.05111	110.39926	-7.05114	110.3993	-7.05086	110.39893	-4.214	2.283	-3.666	2.541			-3.666	2.541	135.6	142.7	7.13	0	0	0	0	0	0	164	140	45.94637	46.22324	0	0	0	0	-3.86517	1.81793		0		2295	8.6	3.06	CRUISE
10.648	-7.05111	110.39926	-7.05114	110.3993	-7.05086	110.39893	-4.214	2.283	-3.666	2.541			-3.666	2.541	135.6	142.7	7.13	0	0	0	0	0	0	164	140	45.94637	46.22324	0	0	0	0				0		2297	8.67	3.5	CRUISE
10.83400011	-7.05111	110.39926	-7.05114	110.3993	-7.05086	110.39893	-4.214	2.283	-3.666	2.541			-3.666	2.541	135.6	142.7	7.13	0	0	0	0	0	0.0011	164	140	45.94637	46.22324	0	0	0	0				0		2298	8.69	5.07	CRUISE
11.02399993	-7.05111	110.39926	-7.05114	110.3993	-7.05086	110.39893	-4.214	2.283	-3.666	2.541			-3.666	2.541	135.6	142.7	7.13	0	0	0	0	0	0	164	140	45.94637	46.22324	0	0	0	0				0		2300	8.69	3.51	CRUISE
11.20700002	-7.05111	110.39926	-7.05114	110.3993	-7.05086	110.39893	-4.214	2.283	-3.666	2.541			-3.666	2.541	135.6	142.7	7.13	0	0	0	0	0	0	164	140	45.94637	46.22324	0	0	0	0				0		2302	8.7	2.03	CRUISE
11.39100003	-7.05111	110.39926	-7.05114	110.3993	-7.05086	110.39893	-4.214	2.283	-3.668	2.543			-3.66916	2.54414	135.76921	142.7	7.14	0.014	0.022	0	0	0.018	0.0327	164	140	45.94637	46.22043	0.008	0	0	0				0		2303	8.68	3.58	CRUISE
11.579	-7.05111	110.39926	-7.05114	110.3993	-7.05086	110.39893	-4.214	2.283	-3.668	2.543			-3.67159	2.54649	136.12094	142.7	7.14	0.014	0.022	0	0	0.018	0.0327	164	140	45.94637	46.22043	0.01	0	65.6	66				0		2305	8.68	3.55	CRUISE
11.76900005	-7.05111	110.39926	-7.05114	110.3993	-7.05086	110.39893	-4.214	2.283	-3.718	2.592			-3.718	2.592	135.4	142.8	7.34	0.265	0.292	0	0	0.279	0.0262	163	139	45.94637	46.15098	0.262	0	65.6	65.9				0		2306	8.61	3.52	CRUISE
11.95600009	-7.05111	110.39926	-7.05114	110.3993	-7.05086	110.39893	-4.214	2.973	-3.791	2.66			-3.791	2.66	134.7	142.8	8.09	0.51	0.536	0	0	0.523	0.0076	164	138	45.52554	46.05171	0.368	0	101	102				0		2308	8.57	3.51	CRUISE
12.14600015	-7.05111	110.39926	-7.05114	110.3993	-7.05086	110.39893	-4.214	2.973	-3.868	2.738			-3.868	2.738	134.6	142.8	8.17	0.615	0.635	0	0	0.625	-0.0545	164	138	45.52554	45.94321	0.492	0	1123.9	1134.2				0		2310	8.57	5.52	CRUISE
12.32999992	-7.05111	110.39926	-7.05114	110.3993	-7.05086	110.39893	-4.214	2.973	-3.936	2.808			-3.936	2.808	134.8	142.8	7.99	0.629	0.658	0	0	0.643	-0.2149	164	138	45.52554	45.84673	0.596	0	101	101				0		2311	8.55	3.53	CRUISE
12.51699996	-7.05111	110.39926	-7.05114	110.3993	-7.05086	110.39893	-4.214	2.973	-3.936	2.808			-4.01981	2.89411	132.49878	142.8	7.99	0.629	0.658	0	0	0.643	-0.2149	164	138	45.52554	45.84673	0.596	0	956.1	962.9				0		2313	8.59	3.1	CRUISE
12.70300007	-7.05111	110.39926	-7.05114	110.3993	-7.05086	110.39893	-4.214	2.973	-4.029	2.902			-4.029	2.902	135.6	142.8	7.23	0.636	0.683	0	0	0.659	-0.2291	164	138	45.52554	45.71582	0.868	0	999	999				0		2314	8.57	3.15	CRUISE
12.88800001	-7.05111	110.39926	-7.05114	110.3993	-7.05086	110.39893	-4.214	2.973	-4.13	2.999			-4.13	2.999	139.9	142.9	2.97	0.652	0.723	0	0	0.687	-0.2171	160	146	45.52554	45.57674	1.015	0	999	999				0		2316	8.47	3.93	CRUISE
13.07299995	-7.05111	110.39926	-7.05114	110.3993	-7.05086	110.39893	-4.214	2.973	-4.218	3.069			-4.218	3.069	143.6	141.3	-2.24	0.668	0.725	0	0	0.696	-0.1833	157	151	45.52554	45.46432	1.129	0	527.2	526.4				0		2317	8.41	5.52	CRUISE
13.25699997	-7.05111	110.39926	-7.05114	110.3993	-7.05086	110.39893	-4.214	2.973	-4.286	3.12			-4.33848	3.15744	143.40752	142.9	-1.61	0.676	0.741	0	0	0.708	-0.2094	154	153	45.52554	45.37933	1.216	0	496.3	494.7				0		2319	8.46	2.63	CRUISE
13.44300008	-7.05111	110.39926	-7.05114	110.3993	-7.05086	110.39893	-4.214	2.973	-4.381	3.187			-4.4363	3.22529	144.83873	141.3	-4.04	0.681	0.741	0	0	0.711	-0.0851	154	154	45.52554	45.26314	1.333	0	611	627				0		2320	8.48	4.55	CRUISE
13.63600016	-7.05111	110.39926	-7.05114	110.3993	-7.05086	110.39893	-4.214	2.973	-4.381	3.187			-4.54771	3.30446	143.90142	141.3	-4.04	0.681	0.741	0	0	0.711	-0.0851	154	154	45.52554	45.26314	1.333	0	465.7	463				0		2322	8.36	2.53	CRUISE
13.82599998	-7.05111	110.39926	-7.05114	110.3993	-7.05086	110.39893	-4.214	2.973	-4.498	3.268			-4.55432	3.30656	145.82731	139.5	-6.04	0.692	0.735	0	0	0.714	0.0415	141	162	45.52554	45.12097	1.609	0	391.2	387.7				0		2324	8.33	2.52	CRUISE
14.00800014	-7.05111	110.39926	-7.05114	110.3993	-7.05086	110.39893	-5.9	3.822	-4.705	3.39			-4.705	3.39	145.9	138.8	-7.18	0.72	0.698	0	0	0.709	0.0742	140	164	43.67088	44.88232	1.79	0	341.8	351.2				0		2325	8.34	4.54	CRUISE
14.19400001	-7.0511	110.39925	-7.05114	110.3993	-7.05086	110.39893	-5.9	3.822	-4.828	3.474			-4.828	3.474	144.9	137.9	-7.01	0.736	0.689	0	0	0.713	0.1233	140	164	43.67088	44.73356	1.939	0	319.7	327.5				0		2327	8.26	3.03	CRUISE
14.38100004	-7.0511	110.39925	-7.05114	110.3993	-7.05086	110.39893	-5.9	3.822	-4.944	3.554			-4.944	3.554	144.3	135.3	-9.02	0.739	0.678	0	0	0.709	0.1593	140	164	43.67088	44.59279	2.077	0	483	490				0		2328	8.3	2.51	CRUISE
14.56700015	-7.0511	110.39925	-7.05114	110.3993	-7.05086	110.39893	-5.9	3.822	-4.944	3.554			-5.0516	3.63011	145.99671	135.3	-9.02	0.739	0.678	0	0	0.709	0.1593	140	164	43.67088	44.59279	2.077	0	306.3	312.8				4		2330	8.3	3	CRUISE
14.75800014	-7.0511	110.39925	-7.05114	110.3993	-7.05086	110.39893	-5.9	3.822	-5.059	3.636			-5.059	3.636	143.6	135.4	-8.23	0.738	0.674	0	0	0.706	0.2291	136	164	43.67088	44.45162	2.338	0	275.7	280.6				2		2331	8.29	3.51	CRUISE
14.94300008	-7.0511	110.39925	-7.05114	110.3993	-7.05086	110.39893	-5.9	3.822	-5.145	3.699			-5.145	3.699	142.8	142.8	0.01	0.74	0.663	0	0	0.701	0.1571	138	164	43.67088	44.34503	2.443	0	267.1	271.2				0		2333	8.36	3.52	CRUISE
15.13199997	-7.0511	110.39925	-7.05114	110.3993	-7.05086	110.39893	-5.9	3.981	-5.286	3.804			-5.286	3.804	137	142.8	5.79	0.72	0.682	0	0	0.701	0.0305	157	148	43.57385	44.16923	2.591	0	254.5	258				0		2334	8.41	3.52	CRUISE
15.31900001	-7.0511	110.39925	-7.05114	110.3993	-7.05086	110.39893	-5.9	3.981	-5.338	3.852			-5.38533	3.89692	136.63445	142.8	6.26	0.714	0.683	0	0	0.698	0.0251	159	144	43.57385	44.09879	2.662	0	250.8	253.8				0		2336	8.42	2.54	CRUISE
15.50699997	-7.0511	110.39925	-7.05114	110.3993	-7.05086	110.39893	-5.9	3.981	-5.434	3.944			-5.4806	3.98837	135.83458	142.8	6.39	0.702	0.692	0	0	0.697	-0.1069	162	141	43.57385	43.9667	2.795	0	241.8	243.9				0		2338	8.34	2	CRUISE
15.69200015	-7.0511	110.39925	-7.05114	110.3993	-7.05086	110.39893	-5.9	3.981	-5.434	3.944			-5.57278	4.0788	134.69981	142.8	6.39	0.702	0.692	0	0	0.697	-0.1069	162	141	43.57385	43.9667	2.795	0	244.6	246.8				0		2339	8.36	3.02	CRUISE
15.88199997	-7.0511	110.39925	-7.05114	110.3993	-7.05086	110.39893	-5.9	3.981	-5.534	4.041			-5.58227	4.08649	135.82674	142.8	6.09	0.696	0.701	0	0	0.698	-0.1604	163	141	43.57385	43.82841	3.06	0	226.2	227.5				0		2341	8.36	1.71	CRUISE
16.06800008	-7.0511	110.39925	-7.05114	110.3993	-7.05086	110.39893	-5.9	3.981	-5.669	4.165			-5.669	4.165	140.5	142.9	2.31	0.671	0.72	0	0	0.696	-0.1396	140	159	43.57385	43.64592	3.243	0	215.9	216.3				0		2342	8.4	3.53	CRUISE
16.25099993	-7.0511	110.39925	-7.05114	110.3993	-7.05086	110.39893	-5.9	3.981	-5.764	4.242			-5.764	4.242	142.1	132.2	-9.92	0.683	0.699	0	0	0.691	-0.1702	146	157	43.57385	43.5237	3.37	0	210.1	209.9				0		2344	8.34	2.51	CRUISE
16.44099998	-7.0511	110.39925	-7.05114	110.3993	-7.05086	110.39893	-5.9	3.981	-5.795	4.266			-5.84774	4.30632	141.84144	132.6	-9.92	0.68	0.698	0	0	0.689	-0.1374	135	165	43.57385	43.48449	3.404	0	210.5	210				0		2345	8.3	4	CRUISE
16.62899995	-7.0511	110.39925	-7.05114	110.3993	-7.05086	110.39893	-5.9	3.981	-5.883	4.333			-5.93611	4.37288	143.06399	130.9	-12.24	0.682	0.693	0	0	0.687	-0.0065	135	165	43.57385	43.37389	3.514	0	206.2	205.3				0		2347	8.22	7.3	CRUISE
16.81900001	-7.0511	110.39925	-7.05114	110.3993	-7.05086	110.39893	-5.9	3.981	-5.883	4.333			-6.04047	4.45138	142.9932	130.9	-12.24	0.682	0.693	0	0	0.687	-0.0065	131	167	43.57385	43.37389	3.51	0	208.8	207.8				0		2348	8.15	4.15	CRUISE
17.00699997	-7.0511	110.39925	-7.05114	110.3993	-7.05086	110.39893	-5.9	3.981	-6.076	4.476			-6.076	4.476	143	130	-13.04	0.692	0.659	0	0	0.675	0.1833	130	167	43.57385	43.1337	3.875	0	191.2	189.3				0		2350	8.14	3.53	CRUISE
17.19900012	-7.0511	110.39925	-7.05114	110.3993	-7.05086	110.39893	-5.9	3.981	-6.189	4.564			-6.189	4.564	140	126.2	-13.77	0.721	0.602	0	0	0.662	0.2945	129	168	43.57385	42.99049	4.016	0	186.6	184.1				0		2351	8.12	3.05	CRUISE
17.38700008	-7.0511	110.39925	-7.05114	110.3993	-7.05086	110.39893	-5.9	3.981	-6.276	4.638			-6.276	4.638	137.3	124.9	-12.41	0.741	0.602	0	0	0.671	0.2978	130	167	43.57385	42.87646	4.132	0	183.4	180.4				0		2353	8.2	4.02	CRUISE
17.57400012	-7.0511	110.39925	-7.05114	110.3993	-7.05086	110.39893	-5.9	3.981	-6.344	4.698			-6.344	4.698	136.8	127.9	-8.87	0.742	0.606	0	0	0.674	0.3109	131	167	43.57385	42.78603	4.224	0	181.3	178				0		2354	8.18	2.53	CRUISE
17.76100016	-7.0511	110.39925	-7.05114	110.3993	-7.05086	110.39893	-5.9	3.981	-6.344	4.698			-6.43729	4.78309	140.13757	127.9	-8.87	0.742	0.606	0	0	0.674	0.3109	131	167	43.57385	42.78603	4.224	0	183.2	179.9				0		2356	8.15	3.51	CRUISE
17.9460001	-7.0511	110.39925	-7.05114	110.3993	-7.05086	110.39893	-5.9	3.981	-6.442	4.791			-6.442	4.791	135.6	125.9	-9.73	0.747	0.604	0	0	0.675	0.1298	137	165	43.57385	42.65176	4.467	0	175.1	171.4				0		2357	8.16	4.51	CRUISE
18.13000011	-7.0511	110.39925	-7.05114	110.3993	-7.05086	110.39893	-5.9	3.981	-6.538	4.889			-6.538	4.889	130.8	142.9	12.14	0.742	0.617	0	0	0.679	0.12	156	146	43.57385	42.51608	4.607	0	171.5	167.3				0		2359	8.2	2.01	CRUISE
18.31299996	-7.0511	110.39925	-7.05114	110.3993	-7.05086	110.39893	-7.586	4.99	-6.677	5.009			-6.677	5.009	127.4	142.9	15.52	0.658	0.637	0	0	0.647	-0.0687	169	127	41.62273	42.33284	4.757	0	160.2	163				0		2361	8.24	3	CRUISE
18.51200008	-7.05109	110.39923	-7.05114	110.3993	-7.05086	110.39893	-7.586	4.99	-6.7	5.039			-6.74081	5.09218	126.76131	143	15.48	0.653	0.651	0	0	0.652	-0.1254	170	126	41.62273	42.2964	4.795	0	160.7	163.3				0		2362	8.32	5.07	CRUISE
18.69799995	-7.05109	110.39923	-7.05114	110.3993	-7.05086	110.39893	-7.586	4.99	-6.764	5.124			-6.80162	5.17216	126.87056	143	15.02	0.642	0.671	0	0	0.656	-0.2116	170	126	41.62273	42.19412	4.903	0	158.7	160.9				0		2364	8.31	3.51	CRUISE
18.88700008	-7.05109	110.39923	-7.05114	110.3993	-7.05086	110.39893	-7.586	4.99	-6.764	5.124			-6.87519	5.27232	124.57364	143	15.02	0.642	0.671	0	0	0.656	-0.2116	169	127	41.62273	42.19412	4.9	0	160.4	162.6				0		2365	8.37	3.53	CRUISE
19.07400012	-7.05109	110.39923	-7.05114	110.3993	-7.05086	110.39893	-7.586	4.99	-6.91	5.309	-8.13186	6.46103	-6.91	5.309	129.9	143.1	13.17	0.63	0.693	0.561	0.0764	0.661	-0.1854	145	135	41.62273	41.96622	5.258	0	151	152.2	-8.33331	4.58691		0		2367	8.36	13.07	AVOID
19.2650001	-7.05109	110.39923	-7.05114	110.3993	-7.05086	110.39893	-7.586	4.99	-6.976	5.38	-8.24354	6.50026	-6.976	5.38	136.4	143.1	6.68	0.636	0.692	0.564	0.02398	0.664	-0.1331	140	134	41.62273	41.87081	5.355	0	149.7	150.6	-8.24071	4.41306		8		2369	8.35	10.57	AVOID
19.45099998	-7.05109	110.39923	-7.05114	110.3993	-7.05086	110.39893	-7.586	4.99	-7.077	5.474	-8.34465	6.54379	-7.077	5.474	138	143.1	5.16	0.638	0.667	0.553	0.0207	0.653	0.0207	138	137	41.62273	41.7336	5.491	0	147.4	147.8				0		2370	8.31	4.53	AVOID
19.63700008	-7.05109	110.39923	-7.05114	110.3993	-7.05086	110.39893	-8.429	5.574	-7.208	5.544	-8.54736	6.70559	-7.208	5.544	138	135.4	-2.55	0.632	0.65	0.591	0.012	0.641	0.012	137	136	40.59876	41.58681	5.59	0	142.6	146.1	-8.31945	4.39306		0		2372	8.34	25.66	AVOID
19.8210001	-7.05109	110.39923	-7.05114	110.3993	-7.05086	110.39893	-8.429	5.574	-7.208	5.544	-8.63785	6.7817	-7.29592	5.62307	138.12683	135.4	-2.55	0.632	0.65	0.591	0.012	0.641	0.012	137	136	40.59876	41.58681	5.59	0	144	147.5	-8.35668	4.39734		0		2373	8.19	18.59	AVOID
20.00500011	-7.05108	110.39922	-7.05114	110.3993	-7.05086	110.39893	-8.429	5.574	-7.302	5.629	-8.66926	6.71315	-7.302	5.629	138	134.9	-3.12	0.626	0.638	0.582	0.0404	0.632	0.0404	137	135	40.59876	41.46061	5.813	0	139.7	142.7				0		2374	8.19	6.03	AVOID
20.1960001	-7.05108	110.39922	-7.05114	110.3993	-7.05086	110.39893	-8.429	5.574	-7.395	5.713	-8.6533	6.83063	-7.395	5.713	137.9	132.1	-5.86	0.613	0.608	0.561	0.0055	0.611	0.0055	139	138	40.59876	41.3358	5.933	0	138.2	140.7				0		2376	8.07	6.59	AVOID
20.38600016	-7.05108	110.39922	-7.05114	110.3993	-7.05086	110.39893	-8.429	5.574	-7.491	5.799	-8.75288	6.91252	-7.491	5.799	137.7	131.4	-6.33	0.611	0.61	0.561	0.00984	0.611	0.0622	138	137	40.59876	41.2074	6.061	0	136.6	138.6				0		2377	8.07	6.54	AVOID
20.57500005	-7.05108	110.39922	-7.05114	110.3993	-7.05086	110.39893	-8.429	5.574	-7.515	5.821	-8.85725	6.91837	-7.55731	5.85977	138.22449	131.2	-6.33	0.616	0.602	0.559	0.02948	0.609	0.1342	138	137	40.59876	41.175	6.093	0	137.1	139				0		2379	8.02	8.5	AVOID
20.76200008	-7.05108	110.39922	-7.05114	110.3993	-7.05086	110.39893	-8.429	5.574	-7.597	5.896	-8.87586	7.03703	-7.63732	5.93334	137.51902	131.7	-5.46	0.617	0.589	0.553	0.00874	0.603	0.0611	138	137	40.59876	41.0644	6.204	0	135.9	137.4				0		2380	8.08	8.05	AVOID
20.94700003	-7.05108	110.39922	-7.05114	110.3993	-7.05086	110.39893	-8.429	5.574	-7.597	5.896	-8.97074	7.09806	-7.7198	6.00844	138.16666	131.7	-5.46	0.617	0.589	0.553	0.00874	0.603	0.0611	138	137	40.59876	41.0644	6.2	0	137.2	138.7				0		2382	8.03	7.62	AVOID
21.13199997	-7.05108	110.39922	-7.05114	110.3993	-7.05086	110.39893	-8.429	5.574	-7.686	5.978	-8.99296	7.09871	-7.72776	6.01707	137.04785	132.7	-4.23	0.619	0.592	0.555	0.0273	0.605	0.0273	137	136	40.59876	40.94401	6.436	0	133.3	134.4				1		2383	8.07	8.28	AVOID
21.32500005	-7.05108	110.39922	-7.05114	110.3993	-7.05086	110.39893	-8.429	5.574	-7.818	6.104	-9.0691	7.19627	-7.818	6.104	135	143.2	8.22	0.616	0.593	0.554	0.04366	0.604	-0.0087	138	135	40.59876	40.76283	6.617	0	130.8	131.4				0		2385	8.04	6.52	AVOID
21.50999999	-7.05107	110.39921	-7.05114	110.3993	-7.05086	110.39893	-10.115	6.582	-7.982	6.19	-9.22701	7.36176	-7.982	6.19	134.8	132.2	-2.68	0.618	0.621	0.57	0.0218	0.62	0.0218	138	134	38.64998	40.58	6.72	0	123.7	129.9				0		2386	8.01	6.86	AVOID
21.69700003	-7.05107	110.39921	-7.05114	110.3993	-7.05086	110.39893	-10.115	6.582	-8.069	6.278			-8.069	6.278	134.8	143.2	8.38	0.612	0.611	0	0	0.612	-0.0076	140	135	38.64998	40.45762	6.84	0	122.6	128.3				0		2388	7.98	25.74	CRUISE
21.88499999	-7.05107	110.39921	-7.05114	110.3993	-7.05086	110.39893	-10.115	6.582	-8.069	6.278			-8.14986	6.35948	134.71832	143.2	8.38	0.612	0.611	0	0	0.612	-0.0076	140	135	38.64998	40.45762	6.84	0	123.7	129.4				0		2389	7.97	3.57	CRUISE
22.07200003	-7.05107	110.39921	-7.05114	110.3993	-7.05086	110.39893	-10.115	6.582	-8.156	6.365			-8.156	6.365	134.9	143.2	8.35	0.611	0.612	0	0	0.612	-0.0098	141	135	38.64998	40.33584	7.067	0	120.7	126				0		2391	8.12	10.45	CRUISE
22.25999999	-7.05107	110.39921	-7.05114	110.3993	-7.05086	110.39893	-10.115	6.582	-8.243	6.452			-8.243	6.452	135.3	143.2	7.93	0.613	0.623	0	0	0.618	-0.1145	164	138	38.64998	40.21407	7.191	0	119.6	124.5				0		2392	8.18	4.6	CRUISE
22.44700003	-7.05107	110.39921	-7.05114	110.3993	-7.05086	110.39893	-10.115	6.582	-8.318	6.526			-8.318	6.526	136.8	143.3	6.41	0.616	0.673	0	0	0.645	-0.18	164	140	38.64998	40.10969	7.3	0	118.8	123.3				0		2394	8.21	4.61	CRUISE
22.63499999	-7.05107	110.39921	-7.05114	110.3993	-7.05086	110.39893	-10.115	6.582	-8.403	6.605			-8.403	6.605	138.3	143.3	5.02	0.621	0.676	0	0	0.648	-0.1429	163	141	38.64998	39.99432	7.417	0	118	122.1				0		2396	8.28	3.53	CRUISE
22.81999993	-7.05107	110.39921	-7.05114	110.3993	-7.05086	110.39893	-10.115	6.582	-8.467	6.664			-8.51236	6.70413	137.77301	133.3	-5.15	0.626	0.676	0	0	0.651	-0.1364	162	143	38.64998	39.90775	7.505	0	117.5	121.3				0		2397	8.26	3.56	CRUISE
23.00300002	-7.05107	110.39921	-7.05114	110.3993	-7.05086	110.39893	-10.115	6.582	-8.467	6.664			-8.60023	6.78489	136.34024	133.3	-5.15	0.626	0.676	0	0	0.651	-0.1364	162	143	38.64998	39.90775	7.505	0	118.5	122.3				1		2399	8.25	3.05	CRUISE
23.19000006	-7.05107	110.39921	-7.05114	110.3993	-7.05086	110.39893	-10.115	6.582	-8.566	6.751			-8.61374	6.79279	138.64333	134.7	-4.16	0.638	0.68	0	0	0.659	-0.0284	145	160	38.64998	39.77638	7.745	0	115.7	119.1				1		2400	8.18	3.04	CRUISE
23.37800002	-7.05107	110.39921	-7.05114	110.3993	-7.05086	110.39893	-10.115	6.582	-8.696	6.862			-8.696	6.862	141	143.3	2.31	0.664	0.675	0	0	0.67	0.0055	153	154	38.64998	39.60581	7.918	0	114.1	116.9				0		2402	8.29	3.01	CRUISE
23.56900001	-7.05107	110.39921	-7.05114	110.3993	-7.05086	110.39893	-10.115	6.582	-8.802	6.946			-8.802	6.946	142.6	135.1	-7.54	0.675	0.67	0	0	0.672	0.0196	154	154	38.64998	39.47062	8.054	0	113.1	115.5				0		2403	8.41	3.01	CRUISE
23.75500011	-7.05107	110.39921	-7.05114	110.3993	-7.05086	110.39893	-10.115	6.582	-8.91	7.028			-8.91	7.028	143	135.8	-7.2	0.688	0.668	0	0	0.678	0.0196	138	164	38.64998	39.33503	8.19	0	112.1	114.1				0		2405	8.35	2.51	CRUISE
23.94799995	-7.05107	110.39921	-7.05114	110.3993	-7.05086	110.39893	-10.115	6.582	-8.91	7.028			-9.01452	7.10661	143.21661	135.8	-7.2	0.688	0.668	0	0	0.678	0.0196	138	164	38.64998	39.33503	8.19	0	113	115				1		2407	8.58	3.51	CRUISE
24.13899994	-7.05107	110.39921	-7.05114	110.3993	-7.05086	110.39893	-10.115	6.582	-9.019	7.109			-9.019	7.109	143	137.5	-5.5	0.697	0.662	0	0	0.679	0.1287	140	164	38.64998	39.19923	8.448	0	110.4	112				0		2408	8.52	3.52	CRUISE
24.32500005	-7.05107	110.39921	-7.05114	110.3993	-7.05086	110.39893	-10.115	6.582	-9.102	7.17			-9.102	7.17	142.9	142.9	0	0.7	0.658	0	0	0.679	0.1789	150	158	38.64998	39.09622	8.551	0	109.9	111.2				0		2410	8.4	3	CRUISE
24.51200008	-7.05107	110.39921	-7.05114	110.3993	-7.05086	110.39893	-10.115	6.582	-9.218	7.26			-9.218	7.26	141.2	143.3	2.15	0.712	0.644	0	0	0.678	0.1974	143	162	38.64998	38.94943	8.697	0	108.9	109.8				1		2411	8.32	4.76	CRUISE
24.69900012	-7.05107	110.39921	-7.05114	110.3993	-7.05086	110.39893	-10.115	6.582	-9.288	7.316			-9.288	7.316	140.3	134.9	-5.34	0.72	0.638	0	0	0.679	0.1953	153	154	38.64998	38.85984	8.788	0	108.6	109.2				1		2413	8.29	4.03	CRUISE
24.88499999	-7.05107	110.39921	-7.05114	110.3993	-7.05086	110.39893	-10.115	6.582	-9.369	7.384			-9.41614	7.42398	140.34217	133.9	-5.82	0.724	0.647	0	0	0.686	0.1244	143	162	38.64998	38.75426	8.896	0	108.1	108.4				1		2414	8.29	2.17	CRUISE
25.07299995	-7.05107	110.39921	-7.05114	110.3993	-7.05086	110.39893	-10.115	6.582	-9.369	7.384			-9.5159	7.5057	141.68209	133.9	-5.82	0.724	0.647	0	0	0.686	0.1244	143	162	38.64998	38.75426	8.896	0	108.9	109.2				0		2416	8.22	2	CRUISE
25.26100016	-7.05107	110.39921	-7.05114	110.3993	-7.05086	110.39893	-10.115	6.582	-9.476	7.474			-9.476	7.474	139.1	132	-7.06	0.737	0.658	0	0	0.698	0.1353	141	162	38.64998	38.61469	9.173	0	106.4	106.3				0		2417	8.22	2.65	CRUISE
25.45000005	-7.05107	110.39921	-7.05114	110.3993	-7.05086	110.39893	-10.115	6.582	-9.612	7.597			-9.612	7.597	132.3	143.4	11.06	0.758	0.691	0	0	0.724	0.2749	159	143	38.64998	38.43217	9.362	0	105.1	104.5				0		2419	8.18	3.53	CRUISE
25.64199996	-7.05107	110.39921	-7.05114	110.3993	-7.05086	110.39893	-10.115	6.582	-9.701	7.699			-9.701	7.699	128.9	143.4	14.49	0.768	0.731	0	0	0.749	0.2083	167	130	38.64998	38.2999	9.5	0	104.3	103.4				0		2420	8.16	3	CRUISE
25.83200002	-7.05107	110.39921	-7.05114	110.3993	-7.05086	110.39893	-10.115	6.582	-9.727	7.731			-9.77152	7.78778	128.52815	143.4	15.35	0.768	0.749	0	0	0.758	0.0785	169	127	38.64998	38.25995	9.543	0	104.6	103.6				0		2422	8.28	3.01	CRUISE
26.01999998	-7.05107	110.39921	-7.05114	110.3993	-7.05086	110.39893	-10.115	6.582	-9.804	7.832			-9.84595	7.88787	127.07223	143.5	16.55	0.766	0.754	0	0	0.76	0.0327	169	127	38.64998	38.13796	9.67	0	104	102.6				0		2424	8.36	3.01	CRUISE
26.20799994	-7.05107	110.39921	-7.05114	110.3993	-7.05086	110.39893	-10.115	6.582	-9.804	7.832			-9.93263	8.00223	127.42598	143.5	16.55	0.766	0.754	0	0	0.76	0.0327	170	125	38.64998	38.13796	9.67	0	104.8	103.4				0		2425	8.39	3.01	CRUISE
26.398	-7.05107	110.39921	-7.05114	110.3993	-7.05086	110.39893	-11.8	8.493	-10.048	8.072			-10.048	8.072	126.8	143.6	16.8	0.737	0.781	0	0	0.759	-0.1887	170	124	36.14634	37.79908	10.073	0	94.7	99.1				0		2427	8.34	9.66	CRUISE
26.58500004	-7.05107	110.39921	-7.05114	110.3993	-7.05086	110.39893	-11.8	8.493	-10.144	8.198			-10.144	8.198	128.5	143.6	15.14	0.724	0.824	0	0	0.774	-0.2618	169	127	36.14634	37.64704	10.233	0	93.9	97.8				0		2428	8.41	3.03	CRUISE
26.77600002	-7.05106	110.39919	-7.05114	110.3993	-7.05086	110.39893	-11.8	8.599	-10.289	8.308			-10.289	8.308	129.6	143.6	14.09	0.735	0.818	0	0	0.776	-0.252	169	127	36.08184	37.46506	10.355	0	93.3	96.9				0		2430	8.36	3.51	CRUISE
26.96500015	-7.05106	110.39919	-7.05114	110.3993	-7.05086	110.39893	-11.8	8.599	-10.368	8.406			-10.368	8.406	129.8	143.7	13.85	0.734	0.823	0	0	0.779	-0.2182	169	128	36.08184	37.34335	10.482	0	92.8	96.1				1		2432	8.44	2.54	CRUISE
27.15199995	-7.05106	110.39919	-7.05114	110.3993	-7.05086	110.39893	-11.8	8.599	-10.368	8.406			-10.4601	8.51886	127.46202	143.7	13.85	0.734	0.823	0	0	0.779	-0.2182	169	128	36.08184	37.34335	10.482	0	93.5	96.7				1		2433	8.42	2.77	CRUISE
27.33800006	-7.05106	110.39919	-7.05114	110.3993	-7.05086	110.39893	-11.8	8.599	-10.467	8.527			-10.467	8.527	130.6	143.7	13.11	0.733	0.827	0	0	0.78	-0.2563	168	129	36.08184	37.19194	10.761	0	91.7	94.5				2		2435	8.44	3	CRUISE
27.51999998	-7.05106	110.39919	-7.05114	110.3993	-7.05086	110.39893	-11.8	8.599	-10.574	8.649			-10.574	8.649	134.3	143.8	9.49	0.741	0.829	0	0	0.785	-0.1713	165	135	36.08184	37.03352	10.925	0	90.9	93.3				0		2436	8.48	4.15	CRUISE
27.70600009	-7.05106	110.39919	-7.05114	110.3993	-7.05086	110.39893	-11.8	8.599	-10.695	8.764			-10.695	8.764	139	143.8	4.83	0.763	0.843	0	0	0.803	-0.1429	161	144	36.08184	36.86796	11.094	0	90.1	92.1				0		2438	8.4	2.52	CRUISE
27.89400005	-7.05106	110.39919	-7.05114	110.3993	-7.05086	110.39893	-11.8	8.599	-10.728	8.793			-10.78669	8.84313	139.0844	143.8	4.32	0.778	0.848	0	0	0.813	-0.0764	161	144	36.08184	36.82421	11.139	0	90.4	92.2				0		2440	8.48	5.03	CRUISE
28.07800007	-7.05106	110.39919	-7.05114	110.3993	-7.05086	110.39893	-12.643	9.342	-10.921	8.913			-10.9796	8.96218	139.2655	143.8	3.81	0.787	0.84	0	0	0.814	-0.1364	161	144	34.96093	36.59759	11.29	0	86.9	91				0		2441	8.49	3.03	CRUISE
28.26600003	-7.05105	110.39919	-7.05114	110.3993	-7.05086	110.39893	-12.643	9.342	-10.921	8.913			-11.09481	9.06268	137.7977	143.8	3.81	0.787	0.84	0	0	0.814	-0.1364	160	144	34.96093	36.59759	11.29	0	87.5	91.6				0		2443	8.39	4.01	CRUISE
28.45499992	-7.05105	110.39919	-7.05114	110.3993	-7.05086	110.39893	-12.643	9.342	-11.146	9.1			-11.146	9.1	140.7	143.8	3.11	0.801	0.842	0	0	0.822	-0.0076	161	145	34.96093	36.30558	11.731	0	84.8	88.1				0		2444	8.34	3.53	CRUISE
28.63700008	-7.05105	110.39919	-7.05114	110.3993	-7.05086	110.39893	-12.643	9.82	-11.305	9.205			-11.305	9.205	142.7	143.8	1.12	0.806	0.82	0	0	0.813	-0.0305	160	148	34.67343	36.11526	11.86	0	83.7	87.2				2		2446	8.33	2.66	CRUISE
28.82400012	-7.05105	110.39919	-7.05114	110.3993	-7.05086	110.39893	-12.643	9.82	-11.408	9.284			-11.408	9.284	143.1	143.8	0.72	0.821	0.847	0	0	0.834	-0.0404	157	151	34.67343	35.98549	11.992	0	83.3	86.5				1		2447	8.36	2.52	CRUISE
29.01399994	-7.05105	110.39919	-7.05114	110.3993	-7.05086	110.39893	-12.643	9.82	-11.529	9.374			-11.529	9.374	143.2	143.8	0.65	0.827	0.834	0	0	0.83	0.0175	157	151	34.67343	35.83469	12.143	0	82.8	85.6				0		2449	8.48	2.61	CRUISE
29.20200014	-7.05105	110.39919	-7.05114	110.3993	-7.05086	110.39893	-12.643	9.82	-11.529	9.374			-11.65386	9.46725	143.38826	143.8	0.65	0.827	0.834	0	0	0.83	0.0175	157	151	34.67343	35.83469	12.143	0	83.4	86.2				0		2451	8.57	3.54	CRUISE
29.39300013	-7.05105	110.39919	-7.05114	110.3993	-7.05086	110.39893	-12.643	9.82	-11.662	9.474			-11.662	9.474	143.1	139	-4.03	0.833	0.83	0	0	0.832	0.0611	157	151	34.67343	35.6683	12.461	0	81.8	84.1				0		2452	8.53	4.01	CRUISE
29.579	-7.05105	110.39919	-7.05114	110.3993	-7.05086	110.39893	-12.643	9.82	-11.8	9.578			-11.8	9.578	142.2	138	-4.13	0.847	0.806	0	0	0.826	0.1113	149	156	34.67343	35.49552	12.633	0	81.2	83.1				0		2454	8.49	3.07	CRUISE
29.76300001	-7.05105	110.39919	-7.05114	110.3993	-7.05086	110.39893	-12.643	9.82	-11.901	9.656			-11.901	9.656	140.8	135.3	-5.48	0.864	0.806	0	0	0.835	0.132	146	159	34.67343	35.36795	12.762	0	80.9	82.5				0		2455	8.5	3.66	CRUISE
29.95099998	-7.05104	110.39917	-7.05114	110.3993	-7.05086	110.39893	-14.329	10.351	-12.161	9.765			-12.22209	9.81608	140.52792	135.9	-4.24	0.871	0.803	0	0	0.837	0.0785	141	162	33.009	35.09378	12.857	0	76.9	81.8				2		2457	8.49	2.58	CRUISE
30.14199996	-7.05104	110.39917	-7.05114	110.3993	-7.05086	110.39893	-14.329	10.351	-12.28	9.864			-12.34084	9.91577	140.21717	134	-5.62	0.871	0.811	0	0	0.841	0.1134	144	161	33.009	34.93927	13.012	0	76.5	80.9				1		2459	8.48	1.99	CRUISE
30.329	-7.05104	110.39917	-7.05114	110.3993	-7.05086	110.39893	-14.329	10.351	-12.28	9.864			-12.46224	10.01578	141.43237	134	-5.62	0.871	0.811	0	0	0.841	0.1134	144	161	33.009	34.93927	13.012	0	76.9	81.4				0		2460	8.47	3	CRUISE
30.51600003	-7.05104	110.39917	-7.05114	110.3993	-7.05086	110.39893	-14.329	10.351	-12.408	9.973			-12.46966	10.0266	139.82962	131.3	-7.77	0.875	0.811	0	0	0.843	0.1494	138	164	33.009	34.7716	13.333	0	75.5	79.6				1		2462	8.51	2.53	CRUISE
30.70600009	-7.05104	110.39917	-7.05114	110.3993	-7.05086	110.39893	-14.329	10.351	-12.606	10.155			-12.606	10.155	133.9	123.1	-10.89	0.879	0.812	0	0	0.845	0.1364	133	166	33.009	34.50433	13.602	0	74.5	77.9				0		2463	8.46	3.51	CRUISE
30.89199996	-7.05104	110.39917	-7.05114	110.3993	-7.05086	110.39893	-14.329	10.351	-12.69	10.242			-12.69	10.242	132.4	123.1	-9.31	0.875	0.798	0	0	0.837	0.1451	136	164	33.009	34.38517	13.721	0	74.3	77.4				0		2465	8.39	3.09	CRUISE
31.07700014	-7.05104	110.39917	-7.05114	110.3993	-7.05086	110.39893	-14.329	10.351	-12.798	10.361			-12.798	10.361	131.6	143.9	12.3	0.874	0.802	0	0	0.838	0.096	136	164	33.009	34.22779	13.882	0	73.9	76.6				0		2466	8.38	9.08	CRUISE
31.26699996	-7.05104	110.39917	-7.05114	110.3993	-7.05086	110.39893	-14.329	10.351	-12.798	10.361			-12.90372	10.479	132.63993	143.9	12.3	0.874	0.802	0	0	0.838	0.096	136	164	33.009	34.22779	13.882	0	74.3	77.1				0		2468	8.37	2.01	CRUISE
31.45700002	-7.05104	110.39917	-7.05114	110.3993	-7.05086	110.39893	-14.329	10.351	-12.909	10.486			-12.909	10.486	131.3	144	12.63	0.863	0.808	0	0	0.835	-0.0971	167	131	33.009	34.06448	14.192	0	73.2	75.5				0		2470	8.46	2.55	CRUISE
31.64899993	-7.05104	110.39917	-7.05114	110.3993	-7.05086	110.39893	-14.329	10.351	-13.021	10.615			-13.021	10.615	131	144	13	0.84	0.835	0	0	0.837	-0.0905	167	130	33.009	33.89805	14.365	0	72.7	74.7				0		2471	8.46	4.16	CRUISE
31.83800006	-7.05104	110.39917	-7.05114	110.3993	-7.05086	110.39893	-14.329	10.351	-13.112	10.72			-13.112	10.72	131.8	129.4	-2.42	0.816	0.849	0	0	0.833	-0.1614	155	136	33.009	33.76274	14.502	0	72.5	74.1				0		2473	8.37	3.01	CRUISE
32.01999998	-7.05104	110.39917	-7.05114	110.3993	-7.05086	110.39893	-14.329	10.351	-13.182	10.798			-13.23416	10.85473	131.94138	144.1	11.55	0.806	0.862	0	0	0.834	-0.1244	155	136	33.009	33.66031	14.608	0	72.4	73.8				0		2474	8.37	3.69	CRUISE
32.20799994	-7.05104	110.39917	-7.05114	110.3993	-7.05086	110.39893	-14.329	10.351	-13.274	10.899			-13.32613	10.95471	132.33281	144.2	11.06	0.808	0.859	0	0	0.833	-0.1462	167	132	33.009	33.52659	14.744	0	72.1	73.2				0		2476	8.46	2.79	CRUISE
32.39600015	-7.05104	110.39917	-7.05114	110.3993	-7.05086	110.39893	-14.329	10.351	-13.274	10.899			-13.43077	11.07117	130.75832	144.2	11.06	0.808	0.859	0	0	0.833	-0.1462	167	132	33.009	33.52659	14.744	0	72.5	73.7				0		2477	8.47	3.54	CRUISE
32.58500004	-7.05104	110.39917	-7.05114	110.3993	-7.05086	110.39893	-14.329	10.351	-13.387	11.021			-13.44065	11.07714	133.19958	130.4	-3.28	0.81	0.857	0	0	0.834	-0.0938	166	133	33.009	33.36357	15.06	0	71.4	72.2				0		2479	8.44	2.56	CRUISE
32.77399993	-7.05104	110.39917	-7.05114	110.3993	-7.05086	110.39893	-14.329	10.351	-13.533	11.168			-13.533	11.168	137.5	133.2	-4.32	0.818	0.849	0	0	0.834	-0.0436	149	156	33.009	33.15921	15.266	0	70.9	71.2				0		2481	8.34	4.51	CRUISE
32.95700002	-7.05103	110.39915	-7.05114	110.3993	-7.05086	110.39893	-16.015	11.678	-13.758	11.303			-13.758	11.303	138.8	132.5	-6.36	0.829	0.837	0	0	0.833	-0.0316	153	155	30.86352	32.89772	15.439	0	65.9	70.2				0		2482	8.33	3.52	CRUISE
33.1400001	-7.05103	110.39915	-7.05114	110.3993	-7.05086	110.39893	-16.015	11.678	-13.884	11.412			-13.884	11.412	139	133.8	-5.18	0.843	0.84	0	0	0.841	0.0087	141	163	30.86352	32.73178	15.606	0	65.5	69.5				0		2484	8.3	3.53	CRUISE
33.32800007	-7.05103	110.39915	-7.05114	110.3993	-7.05086	110.39893	-16.015	11.678	-13.884	11.412			-14.00312	11.51546	139.09352	133.8	-5.18	0.843	0.84	0	0	0.841	0.0087	141	163	30.86352	32.73178	15.606	0	65.9	69.9				0		2485	8.32	7.55	CRUISE
33.51999998	-7.05103	110.39915	-7.05114	110.3993	-7.05086	110.39893	-16.015	11.678	-14.01	11.521			-14.01	11.521	138.8	133.1	-5.76	0.846	0.823	0	0	0.835	0.1145	143	162	30.86352	32.56585	15.918	0	65	68.6				0		2487	8.33	3.53	CRUISE
33.704	-7.05103	110.39915	-7.05114	110.3993	-7.05086	110.39893	-16.015	11.678	-14.11	11.609			-14.11	11.609	138.6	132.1	-6.47	0.853	0.818	0	0	0.836	0.0469	141	162	30.86352	32.4333	16.052	0	64.8	68.1				0		2488	8.34	5.61	CRUISE
33.88899994	-7.05103	110.39915	-7.05114	110.3993	-7.05086	110.39893	-16.015	11.678	-14.231	11.718			-14.231	11.718	136.7	133.6	-3.09	0.851	0.807	0	0	0.829	0.0894	138	164	30.86352	32.27144	16.214	0	64.5	67.5				0		2490	8.26	3.56	CRUISE
34.07500005	-7.05103	110.39915	-7.05114	110.3993	-7.05086	110.39893	-16.858	12.156	-14.394	11.791			-14.394	11.791	136.3	144.3	8.03	0.855	0.779	0	0	0.817	0.0916	155	144	29.90435	32.09646	16.298	0	62.5	67.1				0		2491	8.26	3.52	CRUISE
34.26100016	-7.05103	110.39915	-7.05114	110.3993	-7.05086	110.39893	-16.858	12.156	-14.507	11.899			-14.507	11.899	136	134	-2.06	0.854	0.772	0	0	0.813	0.0076	160	141	29.90435	31.94167	16.455	0	62.3	66.5				1		2493	8.23	6.76	CRUISE
34.44700003	-7.05103	110.39915	-7.05114	110.3993	-7.05086	110.39893	-16.858	12.156	-14.507	11.899			-14.61542	12.00363	136.0807	134	-2.06	0.854	0.772	0	0	0.813	0.0076	160	141	29.90435	31.94167	16.455	0	62.6	66.9				2		2494	8.22	3.01	CRUISE
34.63000011	-7.05103	110.39915	-7.05114	110.3993	-7.05086	110.39893	-16.858	12.156	-14.624	12.013			-14.624	12.013	136	126.4	-9.55	0.852	0.787	0	0	0.819	-0.0142	151	156	29.90435	31.78016	16.775	0	61.7	65.6				0		2496	8.24	2.16	CRUISE
34.81800008	-7.05103	110.39915	-7.05114	110.3993	-7.05086	110.39893	-16.858	12.156	-14.772	12.155			-14.772	12.155	135.7	133	-2.73	0.845	0.793	0	0	0.819	0.0185	146	160	29.90435	31.57716	16.98	0	61.3	64.7				1		2497	8.23	4.64	CRUISE
34.99900007	-7.05103	110.39915	-7.05114	110.3993	-7.05086	110.39893	-16.858	12.156	-14.867	12.248			-14.867	12.248	135.6	144.5	8.9	0.852	0.805	0	0	0.828	0.0262	147	160	29.90435	31.4458	17.114	0	61.2	64.3				1		2499	8.17	5.65	CRUISE
35.18700004	-7.05103	110.39915	-7.05114	110.3993	-7.05086	110.39893	-16.858	12.156	-14.9	12.28			-14.95618	12.33521	135.65611	144.5	8.98	0.847	0.795	0	0	0.821	0.0284	160	141	29.90435	31.40035	17.16	0	61.3	64.4				0		2500	8.11	2.53	CRUISE
35.37199998	-7.05103	110.39915	-7.05114	110.3993	-7.05086	110.39893	-16.858	12.156	-15.012	12.391			-15.06532	12.44358	135.30366	144.5	9.14	0.845	0.804	0	0	0.824	-0.0185	160	141	29.90435	31.24471	17.318	0	61.1	63.8				0		2502	8.12	2.67	CRUISE
35.56299996	-7.05103	110.39915	-7.05114	110.3993	-7.05086	110.39893	-16.858	12.156	-15.012	12.391			-15.17662	12.5539	135.10209	144.5	9.14	0.845	0.804	0	0	0.824	-0.0185	164	136	29.90435	31.24471	17.32	0	61.4	64.2				0		2503	8.2	3.51	CRUISE
35.74600005	-7.05103	110.39915	-7.05114	110.3993	-7.05086	110.39893	-16.858	12.156	-15.221	12.597			-15.221	12.597	135.9	128.3	-7.63	0.823	0.822	0	0	0.822	-0.0774	147	157	29.90435	30.955	17.754	0	60.2	62.3				0		2505	8.12	4.02	CRUISE
35.93499994	-7.05103	110.39915	-7.05114	110.3993	-7.05086	110.39893	-16.858	12.156	-15.321	12.689			-15.321	12.689	138	133.5	-4.56	0.807	0.817	0	0	0.812	-0.0873	141	163	29.90435	30.8202	17.889	0	60.1	61.9				0		2506	8.01	2.55	CRUISE
36.125	-7.05103	110.39915	-7.05114	110.3993	-7.05086	110.39893	-16.858	12.156	-15.427	12.785			-15.427	12.785	138.7	144.7	6.01	0.804	0.822	0	0	0.813	-0.0589	157	147	29.90435	30.6782	18.033	0	59.9	61.5				0		2508	8.06	2.51	CRUISE
36.31200004	-7.05103	110.39915	-7.05114	110.3993	-7.05086	110.39893	-16.858	12.156	-15.522	12.868			-15.522	12.868	138.9	135	-3.89	0.8	0.822	0	0	0.811	-0.0469	159	144	29.90435	30.55271	18.158	0	59.8	61.1				0		2509	8.08	2	CRUISE
36.49800014	-7.05103	110.39915	-7.05114	110.3993	-7.05086	110.39893	-16.858	12.156	-15.522	12.868			-15.6354	12.96736	138.40045	135	-3.89	0.8	0.822	0	0	0.811	-0.0469	159	144	29.90435	30.55271	18.158	0	60.1	61.4				7		2511	8.32	3.5	CRUISE
36.68300009	-7.05103	110.39915	-7.05114	110.3993	-7.05086	110.39893	-16.858	12.156	-15.644	12.975			-15.644	12.975	139.3	144.7	5.39	0.794	0.82	0	0	0.807	-0.1505	144	160	29.90435	30.39131	18.461	0	59.4	60.4				3		2513	8.39	1.51	CRUISE
36.87000012	-7.05103	110.39915	-7.05114	110.3993	-7.05086	110.39893	-19.386	13.483	-15.916	13.099			-15.916	13.099	142	131.2	-10.73	0.775	0.821	0	0	0.798	-0.1374	146	153	27.09902	30.09769	18.624	0	53.6	59.6				3		2514	8.34	3.03	CRUISE
37.05800009	-7.05103	110.39915	-7.05114	110.3993	-7.05086	110.39893	-19.386	13.536	-16.15	13.19			-16.15	13.19	144.2	132.4	-11.79	0.785	0.809	0	0	0.797	-0.0251	132	167	27.06572	29.85426	18.753	0	53.5	59			approaching	2		2516	8.35	1.53	CRUISE
37.24600005	-7.05101	110.39912	-7.05114	110.3993	-7.05086	110.39893	-19.386	13.589	-16.383	13.285			-16.383	13.285	144.6	121	-23.59	0.812	0.803	0	0	0.808	0.0044	120	173	27.03249	29.60945	18.897	0	53.3	58.4			approaching	8		2517	8.27	2.59	CRUISE
37.43300009	-7.05101	110.39912	-7.05114	110.3993	-7.05086	110.39893	-19.386	13.589	-16.47	13.347			-16.52859	13.38864	144.97242	123.9	-20.66	0.79	0.778	0	0	0.784	0.0709	70	132	27.03249	29.50262	18.997	0	53.3	58.1			approaching	6		2518	8.25	2.52	CRUISE
37.6170001	-7.05101	110.39912	-7.05114	110.3993	-7.05086	110.39893	-19.386	13.589	-16.47	13.347			-16.64678	13.47091	145.71861	123.9	-20.66	0.79	0.778	0	0	0.784	0.0709	70	132	27.03249	29.50262	18.997	0	53.5	58.4			on_bump	8		2520	8.12	3	CRUISE
37.80200005	-7.05101	110.39912	-7.05114	110.3993	-7.05086	110.39893	-19.386	13.589	-16.592	13.43			-16.64849	13.47104	146.9486	121.4	-22.58	0.759	0.722	0	0	0.74	0.5454	72	131	27.03249	29.35511	19.219	0	53.2	57.7			on_bump	8		2521	8.03	4.04	CRUISE
37.98800015	-7.05101	110.39912	-7.05114	110.3993	-7.05086	110.39893	-19.386	13.589	-16.722	13.528			-16.722	13.528	139.2	118.9	-20.25	0.631	0.448	0	0	0.539	0.0567	73	130	27.03249	29.19236	19.337	0	53.1	57.3			on_bump	4	pothole	2523	7.99	3.53	CRUISE
38.17900014	-7.05101	110.39912	-7.05114	110.3993	-7.05086	110.39893	-20.229	13.801	-17.03	13.597			-17.03	13.597	137.3	117.8	-19.56	0.39	0.217	0	0	0.303	0.1298	8	125	26.24508	28.90202	19.385	0	51.7	56.9			on_bump	5		2524	7.98	2	CRUISE
38.36300015	-7.05101	110.39912	-7.05114	110.3993	-7.05086	110.39893	-20.229	13.801	-17.065	13.629			-17.065	13.629	136.7	117.1	-19.56	0.373	0.198	0	0	0.285	0.1593	75	128	26.24508	28.85491	19.424	0	51.8	57				1		2526	7.94	5.52	CRUISE
38.546	-7.05101	110.39912	-7.05114	110.3993	-7.05086	110.39893	-20.229	13.801	-17.065	13.629			-17.10316	13.66444	138.36766	117.1	-19.56	0.373	0.198	0	0	0.285	0.1593	75	128	26.24508	28.85491	19.424	0	52.1	57.3				1		2527	7.95	3.52	CRUISE
38.73500013	-7.05101	110.39912	-7.05114	110.3993	-7.05086	110.39893	-20.229	13.801	-17.11	13.671			-17.11	13.671	136.1	114.4	-21.66	0.384	0.234	0	0	0.309	0.2007	120	173	26.24508	28.79384	19.561	0	52	57				0		2529	7.9	2.08	CRUISE
38.92400002	-7.05101	110.39912	-7.05114	110.3993	-7.05086	110.39893	-20.229	13.801	-17.149	13.708			-17.149	13.708	135.3	113.6	-21.68	0.404	0.289	0	0	0.347	0.2094	116	173	26.24508	28.74057	19.629	0	52	57				0		2530	7.9	2.54	CRUISE
39.11300015	-7.05101	110.39912	-7.05114	110.3993	-7.05086	110.39893	-20.229	14.014	-17.326	13.795			-17.326	13.795	129.9	118.5	-11.41	0.677	0.472	0	0	0.574	-0.4887	121	172	26.10989	28.54614	19.762	0	51.7	56.5			approaching	2		2531	7.93	2.52	CRUISE
39.2980001	-7.05101	110.39912	-7.05114	110.3993	-7.05086	110.39893	-20.229	14.014	-17.377	13.856			-17.377	13.856	130.5	119.1	-11.41	0.76	0.513	0	0	0.636	-0.1036	85	136	26.10989	28.46907	19.851	0	51.7	56.4			on_bump	8		2533	7.82	2.53	CRUISE
39.48200011	-7.05101	110.39912	-7.05114	110.3993	-7.05086	110.39893	-20.229	14.014	-17.44	13.928			-17.47706	13.97079	131.23344	144.2	13.32	0.731	0.48	0	0	0.605	0.0622	84	118	26.10989	28.37586	19.936	0	51.7	56.2				0		2535	8.03	1.01	CRUISE
39.66900015	-7.05101	110.39912	-7.05114	110.3993	-7.05086	110.39893	-20.229	14.014	-17.44	13.928			-17.55193	14.05571	131.90036	144.2	13.32	0.731	0.48	0	0	0.605	0.0622	84	118	26.10989	28.37586	19.936	0	52	56.5				0		2536	8	3.23	CRUISE
39.85899997	-7.05101	110.39912	-7.05114	110.3993	-7.05086	110.39893	-20.229	14.226	-17.599	14.017			-17.599	14.017	131.6	118.9	-12.7	0.588	0.459	0	0	0.523	-0.8399	120	82	25.97637	28.19484	20.062	0	51.6	56				1		2537	7.96	6.52	CRUISE
40.04200006	-7.05101	110.39912	-7.05114	110.3993	-7.05086	110.39893	-20.229	14.226	-17.663	14.088			-17.663	14.088	137.4	120.7	-16.68	0.426	0.452	0	0	0.439	-0.3491	125	154	25.97637	28.10139	20.131	0	51.7	55.9				0		2539	7.91	3.01	CRUISE
40.22799993	-7.05101	110.39912	-7.05114	110.3993	-7.05086	110.39893	-20.229	14.226	-17.748	14.157			-17.748	14.157	145.7	127.5	-18.11	0.668	0.539	0	0	0.604	-0.36	121	171	25.97637	27.99209	20.3	0	51.5	55.5				0		2540	7.98	4.51	CRUISE
40.41199994	-7.05101	110.39912	-7.05114	110.3993	-7.05086	110.39893	-20.229	14.226	-17.774	14.176			-17.8225	14.20714	145.36107	129.2	-18.11	0.678	0.551	0	0	0.615	-0.3611	121	171	25.97637	27.95989	20.295	0	51.7	55.7				4		2542	8.02	1.55	CRUISE
40.60299993	-7.05101	110.39912	-7.05114	110.3993	-7.05086	110.39893	-20.229	14.226	-17.876	14.238			-17.92823	14.27102	151.6038	144.2	-3.53	0.735	0.56	0	0	0.648	0.7145	121	171	25.97637	27.84089	20.422	0	51.6	55.4				0		2544	8.18	2.52	CRUISE
40.79500008	-7.05101	110.39912	-7.05114	110.3993	-7.05086	110.39893	-20.229	14.226	-17.876	14.238			-18.0397	14.32642	159.47241	144.2	-3.53	0.735	0.56	0	0	0.648	0.7145	145	161	25.97637	27.84089	20.42	0	51.9	55.6				0		2545	8.24	4.16	CRUISE
40.98200011	-7.05101	110.39912	-7.05114	110.3993	-7.05086	110.39893	-20.229	14.226	-18.067	14.357			-18.067	14.357	145.4	126.8	-18.54	0.716	0.543	0	0	0.63	0.2858	126	170	25.97637	27.61637	20.737	0	51.3	54.6				0		2547	8.37	2.53	CRUISE
41.16400003	-7.05101	110.39912	-7.05114	110.3993	-7.05086	110.39893	-21.915	15.075	-18.274	14.44			-18.274	14.44	136.5	144.1	7.55	0.788	0.582	0	0	0.685	0.2738	133	166	24.13406	27.40001	20.841	0	47.7	54.1				0		2549	8.36	3.02	CRUISE
41.35100007	-7.051	110.3991	-7.05114	110.3993	-7.05086	110.39893	-21.915	15.075	-18.363	14.525			-18.363	14.525	134.6	144.1	9.47	0.798	0.727	0	0	0.763	0.0731	161	139	24.13406	27.27807	20.975	0	47.6	53.8				0		2550	8.43	5.05	CRUISE
41.53500009	-7.051	110.3991	-7.05114	110.3993	-7.05086	110.39893	-21.915	15.341	-18.585	14.654			-18.585	14.654	134.4	132.2	-2.21	0.78	0.77	0	0	0.775	-0.0731	165	135	23.96467	27.02261	21.128	0	47.1	53.1				0		2552	8.43	1.55	CRUISE
41.72399998	-7.051	110.3991	-7.05114	110.3993	-7.05086	110.39893	-21.915	15.341	-18.585	14.654			-18.68713	14.75902	133.60833	132.2	-2.21	0.78	0.77	0	0	0.775	-0.0731	165	135	23.96467	27.02261	21.128	0	47.3	53.4				0		2553	8.45	1.5	CRUISE
41.90799999	-7.051	110.3991	-7.05114	110.3993	-7.05086	110.39893	-21.915	15.341	-18.693	14.766			-18.693	14.766	134.8	144.1	9.33	0.773	0.781	0	0	0.777	-0.1156	151	155	23.96467	26.86944	21.42	0	46.9	52.6				0		2555	8.62	2.04	CRUISE
42.09500003	-7.051	110.3991	-7.05114	110.3993	-7.05086	110.39893	-21.915	15.341	-18.805	14.877			-18.805	14.877	137.3	144.2	6.9	0.751	0.807	0	0	0.779	-0.2302	164	136	23.96467	26.71364	21.576	0	46.8	52.1				0		2557	8.69	1.79	CRUISE
42.28200006	-7.051	110.3991	-7.05114	110.3993	-7.05086	110.39893	-21.915	15.712	-19.041	15.02			-19.041	15.02	140.9	144.1	3.24	0.725	0.815	0	0	0.77	-0.2313	162	143	23.73139	26.43861	21.755	0	46.1	51.4				0		2558	8.63	2.23	CRUISE
42.46799994	-7.05099	110.3991	-7.05114	110.3993	-7.05086	110.39893	-21.915	15.712	-19.075	15.047			-19.13074	15.09118	140.52947	144.1	2.51	0.723	0.806	0	0	0.764	-0.2007	16	146	23.73139	26.39523	21.797	0	46.2	51.4				0		2560	8.56	4.06	CRUISE
42.65900016	-7.05099	110.3991	-7.05114	110.3993	-7.05086	110.39893	-21.915	15.712	-19.169	15.123			-19.2267	15.16711	141.27631	144.1	1.56	0.724	0.812	0	0	0.768	-0.2443	160	147	23.73139	26.27453	21.919	0	46.2	51.1				0		2561	8.53	3.53	CRUISE
42.84899998	-7.05099	110.3991	-7.05114	110.3993	-7.05086	110.39893	-21.915	15.712	-19.169	15.123			-19.33939	15.25964	138.6185	144.1	1.56	0.724	0.812	0	0	0.768	-0.2443	160	147	23.73139	26.27453	21.919	0	46.4	51.4				2		2563	8.54	1.02	CRUISE
43.03600001	-7.05099	110.3991	-7.05114	110.3993	-7.05086	110.39893	-21.915	15.712	-19.29	15.216			-19.34854	15.259	142.24044	138	-5.72	0.722	0.808	0	0	0.765	-0.2683	146	157	23.73139	26.12198	22.212	0	46	50.6				0		2565	8.67	1.01	CRUISE
43.227	-7.05099	110.3991	-7.05114	110.3993	-7.05086	110.39893	-21.915	15.712	-19.486	15.346	-19.486	15.346	-19.486	15.346	152.5	142.6	-9.9	0.747	0.761	0	0	0.754	-0.0862	138	164	23.73139	25.88698	22.447	0	45.7	49.9	-21.47315	14.03073		0		2566	8.73	1	AVOID
43.41499996	-7.05099	110.3991	-7.05114	110.3993	-7.05086	110.39893	-23.601	16.402	-19.73	15.434	-19.73	15.434	-19.73	15.434	153.4	141	-12.38	0.737	0.752	0	0	0.745	0.0251	110	143	21.98938	25.63782	22.57	0	42.3	49.3	-21.56828	14.02853		0		2568	8.57	0	AVOID
43.60800004	-7.05099	110.3991	-7.05114	110.3993	-7.05086	110.39893	-23.601	16.402	-19.842	15.489	-21.50067	16.10585	-19.842	15.489	153.3	142.5	-10.83	0.651	0.631	0.591	0.07094	0.641	0.3851	0	23	21.98938	25.51491	22.665	0	42.3	49.1	-21.68273	14.08674		4		2570	8.52	21.13	AVOID
43.796	-7.05099	110.3991	-7.05114	110.3993	-7.05086	110.39893	-23.601	16.402	-19.842	15.489	-21.6495	16.03646	-19.95056	15.54116	157.44672	142.5	-10.83	0.651	0.631	0.591	0.07094	0.641	0.3851	0	23	21.98938	25.51491	22.665	0	42.5	49.3	-21.47354	13.82298		1		2571	8.34	20.69	AVOID
43.98699999	-7.05099	110.39908	-7.05114	110.3993	-7.05086	110.39893	-23.601	16.455	-20.05	15.559	-21.61162	15.82332	-20.05	15.559	151.5	140.7	-10.83	0.476	0.497	0.537	0.21274	0.487	0.5269	0	0	21.95539	25.30569	22.712	0	42.5	49	-21.4939	13.80741		1		2572	8.21	41.07	AVOID
44.1730001	-7.05099	110.39908	-7.05114	110.3993	-7.05086	110.39893	-23.601	16.455	-20.1	15.586	-21.18564	16.10771	-20.1	15.586	142.9	134.1	-8.81	0.336	0.372	0.404	0.12874	0.354	0.4429	54	54	21.95539	25.2494	22.719	0	42.7	49.1	-21.7391	13.95261		0		2574	8.1	51.39	AVOID
44.35800004	-7.05099	110.39908	-7.05114	110.3993	-7.05086	110.39893	-23.601	16.455	-20.142	15.62	-20.83261	16.25099	-20.142	15.62	134.1	131.6	-2.45	0.288	0.237	0.312	0.03922	0.262	0.1963	114	111	21.95539	25.19543	22.756	0	42.8	49.1	-21.70673	13.87608		0		2575	7.84	37.61	AVOID
44.54900002	-7.05099	110.39908	-7.05114	110.3993	-7.05086	110.39893	-23.601	16.455	-20.162	15.64	-20.89236	16.3238	-20.17978	15.65934	133.12544	143.8	11.16	0.299	0.25	0.325	0.04364	0.275	0.096	115	112	21.95539	25.16747	22.787	0	42.9	49.2				0		2576	7.67	12.61	AVOID
44.73500013	-7.05099	110.39908	-7.05114	110.3993	-7.05086	110.39893	-23.601	16.455	-20.204	15.686	-21.15593	16.58569	-20.22416	15.70847	132.1713	143.8	11.83	0.344	0.31	0.427	0.0513	0.327	0.0513	104	101	21.95539	25.1064	22.86	0	43	49.1				0		2577	7.74	14.05	AVOID
44.92000008	-7.05099	110.39908	-7.05114	110.3993	-7.05086	110.39893	-23.601	16.455	-20.204	15.686	-21.20469	16.62137	-20.26467	15.75298	132.71231	143.8	11.83	0.344	0.31	0.427	0.0513	0.327	0.0513	104	101	21.95539	25.1064	22.86	0	43.1	49.3				0		2579	7.75	16.22	AVOID
45.10400009	-7.05099	110.39908	-7.05114	110.3993	-7.05086	110.39893	-23.601	16.455	-20.251	15.739	-21.19278	16.56178	-20.27299	15.76368	131.5902	143.8	12.08	0.37	0.344	0.407	0.08402	0.357	-0.0207	106	103	21.95539	25.03717	23.022	0	43	49.1				0		2580	7.63	13.56	AVOID
45.28900003	-7.05099	110.39908	-7.05114	110.3993	-7.05086	110.39893	-24.444	17.198	-20.458	15.861	-21.63862	17.01125	-20.458	15.861	131.1	143.8	12.62	0.449	0.451	0.55	0.05232	0.45	-0.0524	119	113	20.83212	24.79808	23.147	0	40.8	48.5				0		2582	7.85	16.11	AVOID
45.47500014	-7.05098	110.39908	-7.05114	110.3993	-7.05086	110.39893	-24.444	17.305	-20.78	16.03	-22.0862	17.14819	-20.78	16.03	131.2	143.6	12.43	0.523	0.527	0.575	0.09272	0.525	-0.012	138	134	20.76385	24.43853	23.275	0	40.6	47.7				0		2583	7.73	13.58	AVOID
45.65900016	-7.05098	110.39908	-7.05114	110.3993	-7.05086	110.39893	-24.444	17.305	-20.798	16.05	-22.15677	17.23755	-20.83045	16.08694	131.21397	143.6	12.39	0.532	0.542	0.587	0.08832	0.537	-0.0164	143	136	20.76385	24.41218	23.303	0	40.7	47.8				0		2584	7.75	10.53	AVOID
45.85100007	-7.05098	110.39908	-7.05114	110.3993	-7.05086	110.39893	-24.444	17.305	-20.847	16.107	-22.12842	17.26237	-20.88217	16.14703	130.62062	143.7	12.34	0.552	0.565	0.559	0.08504	0.559	-0.1244	143	136	20.76385	24.33893	23.385	0	40.7	47.7				0		2586	7.74	9.03	AVOID
46.03800011	-7.05098	110.39908	-7.05114	110.3993	-7.05086	110.39893	-24.444	17.305	-20.924	16.195			-20.924	16.195	131.6	143.7	12.13	0.579	0.597	0	0	0.588	-0.048	144	138	20.76385	24.22478	23.615	0	40.5	47.2				0		2588	7.88	6.04	CRUISE
46.22300005	-7.05098	110.39908	-7.05114	110.3993	-7.05086	110.39893	-24.444	17.305	-20.989	16.267			-20.989	16.267	131.9	143.8	11.9	0.604	0.616	0	0	0.61	-0.0458	140	134	20.76385	24.12979	23.719	0	40.5	47				0		2589	7.89	4.52	CRUISE
46.41100001	-7.05098	110.39908	-7.05114	110.3993	-7.05086	110.39893	-24.444	17.305	-21.076	16.361			-21.076	16.361	133.7	143.8	10.11	0.649	0.678	0	0	0.663	-0.084	166	134	20.76385	24.00408	23.856	0	40.4	46.7				0		2590	7.87	2.92	CRUISE
46.59700012	-7.05098	110.39908	-7.05114	110.3993	-7.05086	110.39893	-24.444	17.305	-21.124	16.412			-21.124	16.412	134.2	143.9	9.65	0.661	0.7	0	0	0.68	-0.1505	165	135	20.76385	23.93524	23.928	0	40.4	46.6				0		2592	7.96	4	CRUISE
46.78100014	-7.05098	110.39908	-7.05114	110.3993	-7.05086	110.39893	-24.444	17.305	-21.219	16.511			-21.219	16.511	134.9	143.9	9.08	0.668	0.725	0	0	0.697	-0.1953	165	135	20.76385	23.80015	24.07	0	40.4	46.3				0		2593	7.98	4.04	CRUISE
46.97000003	-7.05098	110.39908	-7.05114	110.3993	-7.05086	110.39893	-24.444	17.305	-21.219	16.511			-21.31104	16.60508	132.78683	143.9	9.08	0.668	0.725	0	0	0.697	-0.1953	165	135	20.76385	23.80015	24.07	0	40.5	46.4				0		2595	7.93	3.52	CRUISE
47.15600014	-7.05098	110.39908	-7.05114	110.3993	-7.05086	110.39893	-24.444	17.305	-21.318	16.611			-21.318	16.611	135.7	144	8.27	0.674	0.74	0	0	0.707	-0.1985	164	136	20.76385	23.66127	24.346	0	40.2	45.8				0		2597	8.01	4.01	CRUISE
47.34599996	-7.05098	110.39908	-7.05114	110.3993	-7.05086	110.39893	-24.444	17.305	-21.454	16.737			-21.454	16.737	141.6	144	2.47	0.691	0.749	0	0	0.72	-0.2214	160	144	20.76385	23.47719	24.535	0	40.1	45.3				0		2598	8.03	5.05	CRUISE
47.52900004	-7.05098	110.39908	-7.05114	110.3993	-7.05086	110.39893	-24.444	17.305	-21.518	16.787			-21.518	16.787	143.9	144.1	0.16	0.698	0.765	0	0	0.731	-0.1778	157	151	20.76385	23.39602	24.68	0	40	45.1				0		2600	8.2	7.12	CRUISE
47.71500015	-7.05098	110.39908	-7.05114	110.3993	-7.05086	110.39893	-26.129	18.366	-21.751	16.897			-21.80868	16.93694	144.79118	143.9	-1.34	0.707	0.775	0	0	0.741	-0.0938	157	151	18.79065	23.14287	24.729	0	36.3	44.7				0		2601	8.21	3.57	CRUISE
47.89899993	-7.05098	110.39908	-7.05114	110.3993	-7.05086	110.39893	-26.129	18.366	-21.842	16.961			-21.89882	17.0002	145.23742	143.9	-1.51	0.714	0.77	0	0	0.742	-0.0305	157	151	18.79065	23.03163	24.842	0	36.2	44.4				0		2603	8.28	4.55	CRUISE
48.08599997	-7.05097	110.39906	-7.05114	110.3993	-7.05086	110.39893	-26.129	18.366	-21.842	16.961			-22.01277	17.07952	144.91043	143.9	-1.51	0.714	0.77	0	0	0.742	-0.0305	154	154	18.79065	23.03163	24.84	0	36.4	44.6				0		2604	8.27	2.01	CRUISE
48.27200007	-7.05097	110.39906	-7.05114	110.3993	-7.05086	110.39893	-26.129	18.366	-22.06	17.11			-22.06	17.11	145.7	143.9	-1.83	0.733	0.751	0	0	0.742	0.0316	153	155	18.79065	22.7677	25.227	0	36	43.6				0		2606	8.28	2.5	CRUISE
48.46099997	-7.05097	110.39906	-7.05114	110.3993	-7.05086	110.39893	-26.129	18.366	-22.162	17.179			-22.162	17.179	146.2	143.9	-2.27	0.746	0.744	0	0	0.745	0.0905	150	157	18.79065	22.64463	25.35	0	35.9	43.3				0		2608	8.34	2	CRUISE
48.648	-7.05097	110.39906	-7.05114	110.3993	-7.05086	110.39893	-26.972	18.685	-22.421	17.294			-22.421	17.294	145.7	143.7	-1.94	0.756	0.724	0	0	0.74	0.108	149	157	17.94399	22.36769	25.48	0	34.3	42.7				0		2609	8.34	2.01	CRUISE
48.83100009	-7.05097	110.39906	-7.05114	110.3993	-7.05086	110.39893	-26.972	18.685	-22.521	17.362			-22.521	17.362	145.2	143.7	-1.51	0.761	0.724	0	0	0.743	0.0971	148	158	17.94399	22.24683	25.601	0	34.2	42.4				0		2611	8.37	3.01	CRUISE
49.01200008	-7.05097	110.39906	-7.05114	110.3993	-7.05086	110.39893	-26.972	18.685	-22.521	17.362			-22.63145	17.43805	146.20412	143.7	-1.51	0.761	0.724	0	0	0.743	0.0971	148	158	17.94399	22.24683	25.601	0	34.4	42.6				0		2612	8.39	2.54	CRUISE
49.20300007	-7.05097	110.39906	-7.05114	110.3993	-7.05086	110.39893	-26.972	18.685	-22.643	17.447			-22.643	17.447	144.9	143.7	-1.14	0.764	0.724	0	0	0.744	0.0011	148	160	17.94399	22.09819	25.884	0	34.1	42				0		2614	8.39	2.01	CRUISE
49.39300013	-7.05097	110.39906	-7.05114	110.3993	-7.05086	110.39893	-26.972	18.685	-22.769	17.537			-22.769	17.537	143.2	143.7	0.55	0.753	0.725	0	0	0.739	0.0731	151	157	17.94399	21.94336	26.038	0	34	41.6				0		2616	8.53	2.51	CRUISE
49.579	-7.05097	110.39906	-7.05114	110.3993	-7.05086	110.39893	-26.972	18.685	-22.866	17.611			-22.866	17.611	141.9	143.7	1.86	0.742	0.713	0	0	0.727	-0.0142	152	156	17.94399	21.82137	26.158	0	34	41.4				0		2617	8.63	3	CRUISE
49.76999998	-7.05097	110.39906	-7.05114	110.3993	-7.05086	110.39893	-26.972	18.685	-22.938	17.667			-22.99312	17.71053	141.79673	143.7	2	0.736	0.719	0	0	0.728	0.0175	153	154	17.94399	21.7302	26.249	0	34	41.2				0		2619	8.63	1.52	CRUISE
49.95900011	-7.05097	110.39906	-7.05114	110.3993	-7.05086	110.39893	-26.972	18.685	-23.025	17.736			-23.07919	17.7788	141.93193	143.7	2.09	0.731	0.718	0	0	0.725	0.0425	154	153	17.94399	21.61923	26.36	0	34	41				0		2620	8.59	1.51	CRUISE
50.14700007	-7.05097	110.39906	-7.05114	110.3993	-7.05086	110.39893	-26.972	18.685	-23.025	17.736			-23.18657	17.86255	142.38933	143.7	2.09	0.731	0.718	0	0	0.725	0.0425	154	153	17.94399	21.61923	26.36	0	34.1	41.1				0		2622	8.62	2.52	CRUISE
50.33800006	-7.05097	110.39906	-7.05114	110.3993	-7.05086	110.39893	-26.972	18.685	-23.139	17.826			-23.19306	17.86854	141.20092	143.8	1.94	0.726	0.725	0	0	0.725	-0.1102	158	148	17.94399	21.47408	26.637	0	33.9	40.6				0		2624	8.62	1.51	CRUISE
50.52900004	-7.05097	110.39906	-7.05114	110.3993	-7.05086	110.39893	-27.815	19.322	-23.464	18.004			-23.464	18.004	144.1	143.6	-0.51	0.706	0.742	0	0	0.724	-0.168	157	151	16.8904	21.10678	26.857	0	31.8	39.7				0		2626	8.69	1.52	CRUISE
50.71200013	-7.05096	110.39904	-7.05114	110.3993	-7.05086	110.39893	-28.658	19.375	-23.738	18.122			-23.738	18.122	145.3	143.4	-1.88	0.698	0.744	0	0	0.721	-0.0851	154	153	16.23255	20.8163	26.993	0	30.5	39.1				0		2627	8.64	3.09	CRUISE
50.89899993	-7.05096	110.39904	-7.05114	110.3993	-7.05086	110.39893	-28.658	19.375	-23.85	18.199			-23.85	18.199	145.8	143.4	-2.42	0.71	0.746	0	0	0.728	-0.1047	152	154	16.23255	20.68047	27.129	0	30.5	38.8				2		2629	8.59	5.05	CRUISE
51.08500004	-7.05096	110.39904	-7.05114	110.3993	-7.05086	110.39893	-28.658	19.375	-23.85	18.199			-23.9616	18.27564	144.68441	143.4	-2.42	0.71	0.746	0	0	0.728	-0.1047	152	154	16.23255	20.68047	27.129	0	30.6	38.9				0		2630	8.58	2.06	CRUISE
51.27200007	-7.05096	110.39904	-7.05114	110.3993	-7.05086	110.39893	-28.658	19.375	-23.97	18.281			-23.97	18.281	146.1	143.4	-2.7	0.713	0.741	0	0	0.727	-0.0491	150	157	16.23255	20.53524	27.387	0	30.4	38.4				0		2632	8.66	4.01	CRUISE
51.45900011	-7.05096	110.39904	-7.05114	110.3993	-7.05086	110.39893	-28.658	19.375	-24.095	18.364			-24.095	18.364	147.1	143.4	-3.75	0.722	0.739	0	0	0.731	0.0273	146	160	16.23255	20.3854	27.539	0	30.3	38.1				0		2633	8.6	8.53	CRUISE
51.64499998	-7.05096	110.39904	-7.05114	110.3993	-7.05086	110.39893	-28.658	19.375	-24.19	18.425			-24.19	18.425	147.6	143.4	-4.28	0.728	0.716	0	0	0.722	0.0349	144	161	16.23255	20.27277	27.65	0	30.3	37.9				0		2635	8.54	3	CRUISE
51.83100009	-7.05096	110.39904	-7.05114	110.3993	-7.05086	110.39893	-28.658	19.375	-24.252	18.464			-24.30804	18.4997	147.58124	143.4	-4.13	0.729	0.705	0	0	0.717	0.0153	144	161	16.23255	20.19975	27.723	0	30.3	37.8				0		2637	8.57	4.08	CRUISE
52.01900005	-7.05096	110.39904	-7.05114	110.3993	-7.05086	110.39893	-29.501	19.959	-24.538	18.581			-24.59697	18.61886	147.83701	143.1	-4.21	0.74	0.713	0	0	0.726	0.0971	144	161	15.21949	19.9006	27.864	0	28.4	37.2				0		2638	8.54	1.52	CRUISE
52.20900011	-7.05096	110.39904	-7.05114	110.3993	-7.05086	110.39893	-29.501	19.959	-24.538	18.581			-24.71415	18.69179	148.89474	143.1	-4.21	0.74	0.713	0	0	0.726	0.0971	144	161	15.21949	19.9006	27.864	0	28.5	37.3				0		2640	8.59	1.52	CRUISE
52.39499998	-7.05096	110.39903	-7.05114	110.3993	-7.05086	110.39893	-29.501	19.959	-24.66	18.659			-24.71492	18.69467	147.50324	143.1	-3.92	0.74	0.707	0	0	0.724	0.0971	144	161	15.21949	19.7562	28.137	0	28.3	36.8				0		2641	8.55	2.53	CRUISE
52.57999992	-7.05096	110.39903	-7.05114	110.3993	-7.05086	110.39893	-29.501	19.959	-24.807	18.756			-24.807	18.756	144	143.1	-0.89	0.741	0.688	0	0	0.715	0.1265	147	160	15.21949	19.58041	28.311	0	28.3	36.4				0		2643	8.54	3.01	CRUISE
52.76399994	-7.05095	110.39902	-7.05114	110.3993	-7.05086	110.39893	-30.344	20.224	-25.076	18.864			-25.076	18.864	142.5	142.8	0.36	0.752	0.692	0	0	0.722	0.1113	151	157	14.43405	19.30064	28.47	0	26.8	35.8				0		2645	8.52	3.59	CRUISE
52.95000005	-7.05095	110.39902	-7.05114	110.3993	-7.05086	110.39893	-30.344	20.383	-25.381	19.015			-25.381	19.015	141.6	142.6	1.08	0.748	0.701	0	0	0.725	0.12	151	157	14.32104	18.96647	28.606	0	26.5	35.1				0		2646	8.55	3.78	CRUISE
53.13100004	-7.05095	110.39902	-7.05114	110.3993	-7.05086	110.39893	-30.344	20.383	-25.381	19.015			-25.48445	19.09608	142.8465	142.6	1.08	0.748	0.701	0	0	0.725	0.12	151	157	14.32104	18.96647	28.606	0	26.6	35.2				0		2648	8.56	2.52	CRUISE
53.31800008	-7.05095	110.39902	-7.05114	110.3993	-7.05086	110.39893	-30.344	20.383	-25.381	19.015			-25.59287	19.17728	144.13108	142.6	1.08	0.748	0.701	0	0	0.725	0.12	153	155	14.32104	18.96647	28.61	0	26.7	35.3				0		2649	8.66	3.1	CRUISE
53.50300002	-7.05095	110.39902	-7.05114	110.3993	-7.05086	110.39893	-30.344	20.383	-25.582	19.175			-25.582	19.175	141.2	142.7	1.46	0.733	0.706	0	0	0.72	-0.0305	154	154	14.32104	18.70962	28.998	0	26.4	34.5				0		2651	8.61	3.01	CRUISE
53.69200015	-7.05095	110.39902	-7.05114	110.3993	-7.05086	110.39893	-30.344	20.383	-25.671	19.248			-25.671	19.248	140.6	142.7	2.11	0.734	0.725	0	0	0.729	-0.0469	155	151	14.32104	18.59458	29.115	0	26.4	34.3				0		2653	8.68	3.52	CRUISE
53.87599993	-7.05095	110.39902	-7.05114	110.3993	-7.05086	110.39893	-30.344	20.383	-25.773	19.332			-25.773	19.332	140.4	142.7	2.26	0.734	0.73	0	0	0.732	0.0033	157	150	14.32104	18.46254	29.247	0	26.4	34				0		2654	8.68	7.34	CRUISE
54.06200004	-7.05095	110.39902	-7.05114	110.3993	-7.05086	110.39893	-30.344	20.383	-25.864	19.408			-25.864	19.408	140.5	142.7	2.21	0.73	0.732	0	0	0.731	-0.084	157	149	14.32104	18.3441	29.365	0	26.4	33.8				0		2656	8.55	1.56	CRUISE
54.25200009	-7.05095	110.39902	-7.05114	110.3993	-7.05086	110.39893	-30.344	20.383	-25.864	19.408			-25.97068	19.49666	139.58673	142.7	2.21	0.73	0.732	0	0	0.731	-0.084	157	149	14.32104	18.3441	29.365	0	26.5	33.9				0		2657	8.54	1.51	CRUISE
54.43799996	-7.05095	110.39902	-7.05114	110.3993	-7.05086	110.39893	-30.344	20.383	-25.976	19.501			-25.976	19.501	141	142.7	1.76	0.72	0.738	0	0	0.729	-0.1898	160	147	14.32104	18.19865	29.639	0	26.3	33.4				0		2659	8.54	4	CRUISE
54.62000012	-7.05095	110.39902	-7.05114	110.3993	-7.05086	110.39893	-31.187	21.286	-26.409	19.684			-26.409	19.684	143.5	142.4	-1.16	0.711	0.756	0	0	0.734	-0.1244	156	152	13.08645	17.74364	29.791	0	24	32.5				1		2660	8.48	3.54	CRUISE
54.80200005	-7.05095	110.39902	-7.05114	110.3993	-7.05086	110.39893	-31.187	21.286	-26.691	19.824			-26.691	19.824	146.5	142.2	-4.35	0.72	0.752	0	0	0.736	-0.1145	152	154	13.08645	17.43495	29.96	0	23.9	31.9				3		2662	8.52	3.04	CRUISE
54.99000001	-7.05094	110.39902	-7.05114	110.3993	-7.05086	110.39893	-31.187	21.286	-26.725	19.846			-26.78355	19.88402	146.61522	142.1	-4.83	0.719	0.755	0	0	0.737	-0.0709	148	157	13.08645	17.3946	30.002	0	24	31.9				1		2664	8.54	3.53	CRUISE
55.18099999	-7.05094	110.39902	-7.05114	110.3993	-7.05086	110.39893	-31.187	21.286	-26.827	19.912			-26.88487	19.94915	147.59298	142.1	-5.25	0.721	0.745	0	0	0.733	0.0545	146	159	13.08645	17.27357	30.122	0	24	31.6				0		2665	8.56	2.58	CRUISE
55.37000012	-7.05094	110.39902	-7.05114	110.3993	-7.05086	110.39893	-31.187	21.286	-26.827	19.912			-27.00186	20.023	148.18233	142.1	-5.25	0.721	0.745	0	0	0.733	0.0545	146	159	13.08645	17.27357	30.12	0	24.1	31.8				0		2667	8.6	2.52	CRUISE
55.55800009	-7.05094	110.39902	-7.05114	110.3993	-7.05086	110.39893	-31.187	21.286	-26.951	19.99			-27.00812	20.02681	147.7569	142.1	-5.11	0.73	0.734	0	0	0.732	0.1047	143	162	13.08645	17.12782	30.396	0	23.9	31.3				0		2668	8.58	4.05	CRUISE
55.74500012	-7.05094	110.39902	-7.05114	110.3993	-7.05086	110.39893	-32.029	21.763	-27.426	20.198			-27.426	20.198	144.6	141.6	-2.99	0.754	0.716	0	0	0.735	0.0524	146	160	12.15599	16.62582	30.614	0	22.1	30.3				0		2670	8.54	1.51	CRUISE
55.93000007	-7.05094	110.39901	-7.05114	110.3993	-7.05086	110.39893	-32.029	21.763	-27.521	20.266			-27.521	20.266	143.9	141.6	-2.28	0.748	0.712	0	0	0.73	0.0862	147	160	12.15599	16.50913	30.731	0	22.1	30	-30.27452	19.68574		0		2672	8.54	3.01	CRUISE
56.11899996	-7.05094	110.39901	-7.05114	110.3993	-7.05086	110.39893	-32.029	21.763	-27.648	20.358			-27.648	20.358	143.4	141.6	-1.83	0.748	0.704	0	0	0.726	0.0709	147	160	12.15599	16.35246	30.886	0	22.1	29.7				2		2673	8.57	3.57	CRUISE
56.30999994	-7.05094	110.39901	-7.05114	110.3993	-7.05086	110.39893	-32.029	21.763	-27.648	20.358			-27.75971	20.44038	144.17663	141.6	-1.83	0.748	0.704	0	0	0.726	0.0709	147	160	12.15599	16.35246	30.886	0	22.2	29.8				0		2675	8.64	1.97	CRUISE
56.49099994	-7.05094	110.39901	-7.05114	110.3993	-7.05086	110.39893	-32.029	21.763	-27.765	20.444			-27.765	20.444	143	141.6	-1.42	0.749	0.706	0	0	0.728	0.1364	147	159	12.15599	16.20735	31.15	0	22	29.4	-30.15463	19.42966		0		2676	8.61	3.52	CRUISE
56.67900014	-7.05094	110.39901	-7.05114	110.3993	-7.05086	110.39893	-32.029	21.763	-27.885	20.536			-27.885	20.536	140.9	141.5	0.64	0.754	0.708	0	0	0.731	0.0764	15	157	12.15599	16.05617	31.301	0	22	29.1	-30.13242	19.34605		0		2678	8.6	6.57	CRUISE
56.86300015	-7.05094	110.39901	-7.05114	110.3993	-7.05086	110.39893	-32.872	22.294	-28.256	20.693			-28.256	20.693	139	141.1	2.14	0.754	0.709	0	0	0.731	0.1418	152	156	11.1914	15.66838	31.413	0	20.3	28.4	-30.54163	19.57822		0		2680	8.6	3.52	CRUISE
57.05299997	-7.05093	110.399	-7.05114	110.3993	-7.05086	110.39893	-32.872	22.294	-28.343	20.769			-28.343	20.769	138.1	141.2	3.11	0.754	0.704	0	0	0.729	0.0742	154	153	11.1914	15.55295	31.529	0	20.3	28.1	-30.55626	19.58723		0		2681	8.59	4.53	CRUISE
57.23900008	-7.05093	110.399	-7.05114	110.3993	-7.05086	110.39893	-32.872	22.294	-28.427	20.844			-28.427	20.844	137.9	141.2	3.28	0.753	0.706	0	0	0.729	0.096	155	151	11.1914	15.44049	31.641	0	20.2	27.9				0		2683	8.6	7.53	CRUISE
57.42799997	-7.05093	110.399	-7.05114	110.3993	-7.05086	110.39893	-32.872	22.294	-28.427	20.844			-28.52948	20.93576	138.93791	141.2	3.28	0.753	0.706	0	0	0.729	0.096	155	151	11.1914	15.44049	31.641	0	20.3	28	-30.56333	19.46145		8		2685	8.61	2.53	CRUISE
57.61899996	-7.05093	110.399	-7.05114	110.3993	-7.05086	110.39893	-32.872	22.294	-28.535	20.941			-28.5857	20.9873	137.48814	141.2	3.58	0.746	0.709	0	0	0.728	-0.0207	161	145	11.1914	15.29554	31.902	0	20.2	27.6				8		2686	8.59	4.04	CRUISE
57.80700016	-7.05093	110.399	-7.05114	110.3993	-7.05086	110.39893	-32.872	22.294	-28.674	21.069	-28.674	21.069	-28.674	21.069	137.3	125.7	-11.61	0.714	0.727	0	0	0.721	-0.1429	160	144	11.1914	15.10701	32.089	0	20.2	27.2	-30.48907	19.35857		8		2688	8.45	2.51	AVOID
57.99500012	-7.05093	110.39899	-7.05114	110.3993	-7.05086	110.39893	-33.715	22.878	-28.916	21.2	-28.916	21.2	-28.916	21.2	138.1	126.3	-11.74	0.698	0.726	0	0	0.712	-0.0807	148	150	10.19308	14.83636	32.22	0	18.3	26.7	-30.62801	19.35765		8		2689	8.34	0.53	AVOID
58.18499994	-7.05093	110.39899	-7.05114	110.3993	-7.05086	110.39893	-33.715	22.878	-29.281	21.371	-30.5626	22.48943	-29.281	21.371	138.6	128.8	-9.79	0.639	0.596	0.567	0.00326	0.617	-0.0491	0	5	10.19308	14.44528	32.324	0	18.3	26	-30.89385	19.40748		2		2690	8.2	19.87	AVOID
58.37100005	-7.05093	110.39899	-7.05114	110.3993	-7.05086	110.39893	-33.715	22.878	-29.281	21.371	-30.63826	22.57719	-29.36693	21.4471	138.07665	128.8	-9.79	0.639	0.596	0.567	0.00326	0.617	-0.0491	0	5	10.19308	14.44528	32.324	0	18.4	26.1	-30.99764	19.4984		3		2692	8.04	21.73	AVOID
58.55299997	-7.05093	110.39899	-7.05114	110.3993	-7.05086	110.39893	-33.715	22.878	-29.354	21.435	-30.53503	22.50836	-29.354	21.435	138.8	115.7	-23.13	0.501	0.463	0.532	-0.012	0.482	-0.012	0	0	10.19308	14.34825	32.387	0	18.4	25.9				8		2693	7.91	15.08	AVOID
58.73600006	-7.05093	110.39899	-7.05114	110.3993	-7.05086	110.39893	-33.715	22.878	-29.395	21.471	-30.28368	22.25938	-29.395	21.471	139	129.5	-9.49	0.358	0.334	0.396	-0.0065	0.346	-0.0065	57	57	10.19308	14.29372	32.391	0	18.5	25.9				8		2694	7.97	10.57	AVOID
58.92199993	-7.05093	110.39899	-7.05114	110.3993	-7.05086	110.39893	-33.715	22.878	-29.425	21.496	-29.88072	21.88626	-29.425	21.496	140.1	140.7	0.63	0.154	0.147	0.2	-0.0076	0.15	-0.0076	99	98	10.19308	14.25468	32.406	0	18.5	25.9				7		2696	7.87	12.87	AVOID
59.11199999	-7.05093	110.39899	-7.05114	110.3993	-7.05086	110.39893	-33.715	22.878	-29.441	21.509	-30.10644	22.04098	-29.441	21.509	140.2	115.4	-24.8	0.178	0.189	0.284	0.01306	0.184	-0.0393	87	87	10.19308	14.23406	32.431	0	18.6	25.9				7		2697	7.81	19.07	AVOID
59.296	-7.05093	110.39899	-7.05114	110.3993	-7.05086	110.39893	-33.715	22.878	-29.468	21.532	-30.08294	22.01167	-29.468	21.532	140.4	140.7	0.34	0.203	0.217	0.26	0.01852	0.21	-0.0862	87	87	10.19308	14.1986	32.477	0	18.6	25.9				7		2699	7.8	11.42	AVOID
59.48699999	-7.05093	110.39899	-7.05114	110.3993	-7.05086	110.39893	-33.715	22.878	-29.468	21.532	-30.10576	22.04742	-29.49879	21.55768	139.457	140.7	0.34	0.203	0.217	0.26	0.01852	0.21	-0.0862	87	87	10.19308	14.1986	32.477	0	18.7	26				4		2700	7.67	10.85	AVOID
59.67000008	-7.05093	110.39899	-7.05114	110.3993	-7.05086	110.39893	-33.715	22.878	-29.507	21.564	-30.19985	22.15696	-29.507	21.564	140.6	114.4	-26.25	0.245	0.263	0.304	-0.01304	0.254	-0.0654	99	99	10.19308	14.14815	32.612	0	18.7	25.9				7		2701	7.7	14.06	AVOID
59.85899997	-7.05093	110.39899	-7.05114	110.3993	-7.05086	110.39893	-34.558	23.144	-29.843	21.686	-30.82365	22.50971	-29.843	21.686	142.2	128.5	-13.73	0.318	0.336	0.427	-0.0251	0.327	-0.0251	101	102	9.44695	13.81134	32.711	0	17.3	25.3				8		2703	7.8	16.57	AVOID
60.046	-7.05093	110.39899	-7.05114	110.3993	-7.05086	110.39893	-35.401	23.197	-30.042	21.759	-31.0549	22.58613	-30.042	21.759	142.9	129.6	-13.32	0.38	0.392	0.436	-0.02404	0.386	-0.0764	115	115	8.90106	13.61188	32.781	0	16.3	24.9				8		2704	7.77	17.14	AVOID
60.23300004	-7.05093	110.39898	-7.05114	110.3993	-7.05086	110.39893	-35.401	23.197	-30.059	21.772			-30.08973	21.79499	142.67203	129.9	-13.32	0.401	0.417	0	0	0.409	-0.0982	119	121	8.90106	13.5905	32.805	0	16.3	25				8		2706	7.62	3.6	CRUISE
60.41499996	-7.05093	110.39898	-7.05114	110.3993	-7.05086	110.39893	-35.401	23.197	-30.127	21.823			-30.15971	21.84721	143.3624	125.9	-17.57	0.429	0.458	0	0	0.444	-0.0262	119	121	8.90106	13.50563	32.898	0	16.3	24.8				8		2707	7.64	3.5	CRUISE
60.59899998	-7.05093	110.39898	-7.05114	110.3993	-7.05086	110.39893	-35.401	23.197	-30.127	21.823			-30.22533	21.89613	143.08569	125.9	-17.57	0.429	0.458	0	0	0.444	-0.0262	123	171	8.90106	13.50563	32.9	0	16.4	24.9				8		2708	7.64	2.52	CRUISE
60.78800011	-7.05093	110.39898	-7.05114	110.3993	-7.05086	110.39893	-35.401	23.197	-30.272	21.929			-30.272	21.929	143.1	114.5	-28.61	0.539	0.508	0	0	0.524	0.2334	119	172	8.90106	13.32645	33.199	0	16.3	24.4				6		2710	7.6	2.53	CRUISE
60.97600007	-7.05093	110.39898	-7.05114	110.3993	-7.05086	110.39893	-35.401	23.409	-30.475	22.013			-30.475	22.013	139.5	117.5	-22.04	0.632	0.539	0	0	0.585	0.3665	115	174	8.72743	13.11729	33.29	0	16	24				8		2711	7.66	3.04	CRUISE
61.16400003	-7.05092	110.39898	-7.05114	110.3993	-7.05086	110.39893	-35.401	23.409	-30.552	22.08			-30.552	22.08	136.6	121.6	-15.05	0.697	0.551	0	0	0.624	0.3578	127	169	8.72743	13.01523	33.398	0	16	23.8				5		2713	7.66	4.02	CRUISE
61.35000014	-7.05092	110.39898	-7.05114	110.3993	-7.05086	110.39893	-35.401	23.568	-30.77	22.197			-30.77	22.197	134.8	119.7	-15.05	0.722	0.565	0	0	0.643	0.3294	127	169	8.59834	12.77353	33.525	0	15.7	23.4				1		2714	7.68	3.01	CRUISE
61.53299999	-7.05092	110.39898	-7.05114	110.3993	-7.05086	110.39893	-35.401	23.568	-30.77	22.197			-30.85432	22.27939	138.26063	119.7	-15.05	0.722	0.565	0	0	0.643	0.3294	127	169	8.59834	12.77353	33.525	0	15.8	23.4				0		2716	7.72	3.02	CRUISE
61.71700001	-7.05092	110.39898	-7.05114	110.3993	-7.05086	110.39893	-35.401	23.568	-30.863	22.289			-30.863	22.289	133.2	124.6	-8.65	0.732	0.576	0	0	0.654	0.2923	127	169	8.59834	12.64303	33.78	0	15.7	23.1				0		2717	7.71	8.06	CRUISE
61.90499997	-7.05092	110.39898	-7.05114	110.3993	-7.05086	110.39893	-35.401	23.568	-30.955	22.393			-30.955	22.393	125.9	121.8	-4.11	0.739	0.602	0	0	0.67	0.3065	141	159	8.59834	12.5055	33.923	0	15.7	22.8				0		2719	7.83	2.51	CRUISE
62.09500003	-7.05092	110.39898	-7.05114	110.3993	-7.05086	110.39893	-35.401	23.568	-31.016	22.483			-31.016	22.483	120.2	139.6	19.35	0.723	0.647	0	0	0.685	0.1145	170	125	8.59834	12.40068	34.033	0	15.7	22.6				0		2720	7.88	1.54	CRUISE
62.28500009	-7.05092	110.39898	-7.05114	110.3993	-7.05086	110.39893	-35.401	23.568	-31.047	22.536			-31.07914	22.59328	119.31212	139.7	20.4	0.711	0.654	0	0	0.683	0.0022	173	118	8.59834	12.34274	34.094	0	15.7	22.5				0		2722	8	4.74	CRUISE
62.477	-7.05092	110.39898	-7.05114	110.3993	-7.05086	110.39893	-36.244	24.046	-31.25	22.688			-31.28242	22.746	117.88608	139.6	20.38	0.687	0.691	0	0	0.689	-0.2378	173	118	7.72634	12.08962	34.228	0	14.1	22.1				0		2723	8.04	2	CRUISE
62.66400003	-7.05092	110.39898	-7.05114	110.3993	-7.05086	110.39893	-36.244	24.046	-31.25	22.688			-31.34137	22.86047	115.33973	139.6	20.38	0.687	0.691	0	0	0.689	-0.2378	173	118	7.72634	12.08962	34.228	0	14.1	22.1				0		2725	8.09	4.53	CRUISE
62.84800005	-7.05092	110.39897	-7.05114	110.3993	-7.05086	110.39893	-36.244	24.046	-31.316	22.81			-31.34845	22.86531	117.91593	139.8	19.4	0.664	0.714	0	0	0.689	-0.4658	173	120	7.72634	11.9604	34.492	0	14.1	21.8				0		2727	8.18	1	CRUISE
63.03400016	-7.05092	110.39897	-7.05114	110.3993	-7.05086	110.39893	-36.244	24.046	-31.411	22.959			-31.411	22.959	131.3	140.1	8.77	0.607	0.749	0	0	0.678	-0.5138	167	129	7.72634	11.79183	34.668	0	14	21.4				0		2728	8.3	3.56	CRUISE
63.22300005	-7.05092	110.39897	-7.05114	110.3993	-7.05086	110.39893	-36.244	24.046	-31.522	23.075			-31.522	23.075	138.3	140.2	1.86	0.608	0.792	0	0	0.7	-0.3894	162	143	7.72634	11.63228	34.831	0	14	21.1				0		2730	8.35	2.02	CRUISE
63.41400003	-7.05092	110.39897	-7.05114	110.3993	-7.05086	110.39893	-36.244	24.046	-31.608	23.15			-31.608	23.15	140.4	140.2	-0.22	0.616	0.777	0	0	0.697	-0.2814	159	147	7.72634	11.5182	34.945	0	14	20.9				0		2731	8.42	4.01	CRUISE
63.602	-7.05092	110.39897	-7.05114	110.3993	-7.05086	110.39893	-36.244	24.046	-31.608	23.15			-31.70767	23.23469	137.37421	140.2	-0.22	0.616	0.777	0	0	0.697	-0.2814	159	147	7.72634	11.5182	34.945	0	14.1	21				0		2733	8.31	10.86	CRUISE
63.78600001	-7.05092	110.39897	-7.05114	110.3993	-7.05086	110.39893	-37.087	24.683	-31.861	23.275			-31.861	23.275	141.7	137.7	-3.92	0.631	0.77	0	0	0.701	-0.1724	157	151	6.74222	11.24399	35.213	0	12.2	20.4				0		2734	8.26	4.06	CRUISE
63.97500014	-7.05092	110.39897	-7.05114	110.3993	-7.05086	110.39893	-37.087	24.683	-31.949	23.343			-31.949	23.343	146.7	139.7	-6.98	0.654	0.758	0	0	0.706	-0.0491	144	159	6.74222	11.13288	35.327	0	12.2	20.2				0		2736	8.16	2.52	CRUISE
64.16700006	-7.05092	110.39897	-7.05114	110.3993	-7.05086	110.39893	-37.087	24.683	-32.069	23.419			-32.069	23.419	151	142	-8.96	0.705	0.735	0	0	0.72	0.0873	137	165	6.74222	10.99218	35.471	0	12.2	19.9				0		2737	8.15	3.05	CRUISE
64.35800004	-7.05091	110.39896	-7.05114	110.3993	-7.05086	110.39893	-37.087	24.948	-32.272	23.494			-32.33213	23.52733	151.48768	141.7	-9.32	0.725	0.703	0	0	0.714	0.0884	136	164	6.51407	10.78904	35.549	0	11.8	19.5				2		2739	8.04	4.01	CRUISE
64.54500008	-7.05091	110.39896	-7.05114	110.3993	-7.05086	110.39893	-37.087	24.948	-32.391	23.559			-32.44844	23.5911	151.60854	139.9	-10.88	0.734	0.691	0	0	0.712	0.1527	134	167	6.51407	10.65645	35.685	0	11.8	19.3				4		2740	8	2	CRUISE
64.73099995	-7.05091	110.39896	-7.05114	110.3993	-7.05086	110.39893	-37.087	24.948	-32.391	23.559			-32.56518	23.65314	153.23308	139.9	-10.88	0.734	0.691	0	0	0.712	0.1527	134	167	6.51407	10.65645	35.685	0	11.8	19.3				0		2742	8.12	1	CRUISE
64.91499996	-7.05091	110.39896	-7.05114	110.3993	-7.05086	110.39893	-37.087	24.948	-32.515	23.628			-32.57194	23.66061	151.0547	139	-11.14	0.738	0.681	0	0	0.71	0.1614	133	166	6.51407	10.51753	35.95	0	11.8	19				0		2743	8.14	2.52	CRUISE
65.10299993	-7.05091	110.39896	-7.05114	110.3993	-7.05086	110.39893	-37.087	24.948	-32.672	23.721			-32.672	23.721	145.2	142	-3.15	0.743	0.657	0	0	0.7	0.2302	138	4	6.51407	10.33806	36.131	0	11.7	18.6				0		2745	8.14	3.01	CRUISE
65.28600001	-7.05091	110.39896	-7.05114	110.3993	-7.05086	110.39893	-37.087	24.948	-32.777	23.796			-32.777	23.796	142.8	138.8	-3.97	0.749	0.65	0	0	0.699	0.1636	144	160	6.51407	10.20964	36.26	0	11.7	18.4				0		2747	8.3	1.52	CRUISE
65.47300005	-7.05091	110.39896	-7.05114	110.3993	-7.05086	110.39893	-37.087	24.948	-32.893	23.886			-32.893	23.886	141.5	138.7	-2.76	0.74	0.659	0	0	0.7	0.0567	146	160	6.51407	10.06309	36.408	0	11.7	18.1				0		2748	8.31	3.48	CRUISE
65.65900016	-7.05091	110.39896	-7.05114	110.3993	-7.05086	110.39893	-37.087	24.948	-32.893	23.886			-32.99525	23.9669	142.1051	138.7	-2.76	0.74	0.659	0	0	0.7	0.0567	146	160	6.51407	10.06309	36.408	0	11.7	18.1				0		2750	8.31	4.1	CRUISE
65.8440001	-7.05091	110.39896	-7.05114	110.3993	-7.05086	110.39893	-37.087	24.948	-32.893	23.886			-33.09764	24.04616	142.70601	138.7	-2.76	0.74	0.659	0	0	0.7	0.0567	146	160	6.51407	10.06309	36.41	0	11.8	18.2				0		2751	8.29	4.04	CRUISE
66.02999997	-7.05091	110.39896	-7.05114	110.3993	-7.05086	110.39893	-37.087	24.948	-33.086	24.04			-33.086	24.04	140.8	138.7	-2.14	0.73	0.673	0	0	0.701	0.1102	147	160	6.51407	9.81645	36.782	0	11.7	17.6				0		2753	8.35	9.77	CRUISE
66.21600008	-7.05091	110.39896	-7.05114	110.3993	-7.05086	110.39893	-37.087	24.948	-33.202	24.141			-33.202	24.141	137.8	138.7	0.85	0.735	0.679	0	0	0.707	0.0654	11	157	6.51407	9.66264	36.936	0	11.7	17.3				0		2755	8.57	2	CRUISE
66.40300012	-7.05091	110.39896	-7.05114	110.3993	-7.05086	110.39893	-37.087	24.948	-33.246	24.18			-33.246	24.18	137.4	138.7	1.27	0.735	0.687	0	0	0.711	0.0273	151	157	6.51407	9.60385	36.995	0	11.7	17.2				0		2756	8.58	3.54	CRUISE
66.58899999	-7.05091	110.39896	-7.05114	110.3993	-7.05086	110.39893	-38.773	26.116	-33.506	24.323			-33.506	24.323	137.2	138.3	1.11	0.725	0.696	0	0	0.71	0.1113	152	156	4.71721	9.31439	37.136	0	8.5	16.7				0		2758	8.49	3.52	CRUISE
66.7750001	-7.05091	110.39896	-7.05114	110.3993	-7.05086	110.39893	-38.773	26.116	-33.506	24.323			-33.60341	24.41227	138.38672	138.3	1.11	0.725	0.696	0	0	0.71	0.1113	152	156	4.71721	9.31439	37.136	0	8.5	16.7				0		2759	8.42	1	CRUISE
66.96200013	-7.0509	110.39895	-7.05114	110.3993	-7.05086	110.39893	-38.773	26.116	-33.611	24.419			-33.611	24.419	137	138.3	1.3	0.726	0.696	0	0	0.711	0.0284	154	154	4.71721	9.17213	37.407	0	8.4	16.4				0		2761	8.5	3.85	CRUISE
67.14700007	-7.0509	110.39895	-7.05114	110.3993	-7.05086	110.39893	-38.773	26.116	-33.716	24.517			-33.716	24.517	136.3	138.3	2	0.731	0.695	0	0	0.713	0.0927	1	151	4.71721	9.02854	37.55	0	8.4	16.1				0		2762	8.51	1.51	CRUISE
67.33500004	-7.0509	110.39895	-7.05114	110.3993	-7.05086	110.39893	-38.773	26.594	-33.979	24.684			-33.979	24.684	136.2	138	1.8	0.709	0.719	0	0	0.714	-0.072	157	151	4.27416	8.72122	37.719	0	7.6	15.6				0		2764	8.53	1.56	CRUISE
67.52100015	-7.05089	110.39895	-7.05114	110.3993	-7.05086	110.39893	-38.773	26.594	-34.007	24.711			-34.05368	24.75561	135.95301	138	1.65	0.702	0.715	0	0	0.709	-0.0665	158	150	4.27416	8.68235	37.758	0	7.6	15.5				0		2766	8.48	2.51	CRUISE
67.71000004	-7.05089	110.39895	-7.05114	110.3993	-7.05086	110.39893	-38.773	26.594	-34.086	24.787			-34.13475	24.83326	136.4467	138	1.48	0.704	0.711	0	0	0.708	-0.0098	158	150	4.27416	8.57278	37.866	0	7.6	15.3				0		2767	8.4	3.06	CRUISE
67.89400005	-7.05089	110.39895	-7.05114	110.3993	-7.05086	110.39893	-38.773	26.594	-34.086	24.787			-34.22945	24.92338	136.34302	138	1.48	0.704	0.711	0	0	0.708	-0.0098	160	148	4.27416	8.57278	37.87	0	7.7	15.4				0		2768	8.36	4.53	CRUISE
68.08100009	-7.05089	110.39895	-7.05114	110.3993	-7.05086	110.39893	-38.773	26.594	-34.268	24.958			-34.268	24.958	137.1	138.1	0.98	0.705	0.722	0	0	0.713	-0.0818	159	149	4.27416	8.32311	38.253	0	7.6	14.8				0		2770	8.37	2.52	CRUISE
68.27200007	-7.05089	110.39895	-7.05114	110.3993	-7.05086	110.39893	-39.615	27.178	-34.503	25.088			-34.503	25.088	138.9	137.6	-1.27	0.704	0.72	0	0	0.712	-0.0273	156	152	3.44862	8.06166	38.368	0	6.1	14.3				0		2772	8.46	2.51	CRUISE
68.46000004	-7.05089	110.39894	-7.05114	110.3993	-7.05086	110.39893	-39.615	27.178	-34.601	25.173			-34.601	25.173	139.4	137.6	-1.82	0.709	0.718	0	0	0.713	-0.0884	154	153	3.44862	7.93198	38.498	0	6.1	14.1				0		2773	8.57	7.06	CRUISE
68.6500001	-7.05089	110.39894	-7.05114	110.3993	-7.05086	110.39893	-39.615	27.178	-34.702	25.26			-34.702	25.26	139.8	137.6	-2.2	0.711	0.732	0	0	0.722	-0.0327	153	154	3.44862	7.79873	38.633	0	6.1	13.9				0		2775	8.43	3.52	CRUISE
68.83500004	-7.05089	110.39894	-7.05114	110.3993	-7.05086	110.39893	-39.615	27.178	-34.702	25.26			-34.80424	25.34667	139.4522	137.6	-2.2	0.711	0.732	0	0	0.722	-0.0327	153	154	3.44862	7.79873	38.633	0	6.1	13.9				0		2776	8.39	3.57	CRUISE
69.01900005	-7.05089	110.39894	-7.05114	110.3993	-7.05086	110.39893	-39.615	27.178	-34.812	25.353			-34.812	25.353	139.8	137.5	-2.29	0.716	0.725	0	0	0.72	0.0873	149	157	3.44862	7.65479	38.89	0	6.1	13.6				0		2778	8.29	4.05	CRUISE
69.20700002	-7.05089	110.39894	-7.05114	110.3993	-7.05086	110.39893	-39.615	27.549	-35.061	25.502			-35.061	25.502	139.4	137.1	-2.3	0.733	0.717	0	0	0.725	0.1342	147	160	3.09021	7.37075	39.041	0	5.5	13.1				0		2779	8.33	3.04	CRUISE
69.39100003	-7.05089	110.39894	-7.05114	110.3993	-7.05086	110.39893	-39.615	27.549	-35.147	25.576			-35.147	25.576	137.7	137	-0.65	0.758	0.694	0	0	0.726	0.1953	151	157	3.09021	7.25738	39.154	0	5.5	12.9				0		2781	8.37	3.53	CRUISE
69.57999992	-7.05089	110.39894	-7.05114	110.3993	-7.05086	110.39893	-39.615	27.549	-35.202	25.626			-35.25237	25.67347	137.77838	137	0.38	0.757	0.703	0	0	0.73	0.1985	151	157	3.09021	7.18306	39.23	0	5.5	12.7				0		2783	8.42	3	CRUISE
69.76699996	-7.05089	110.39894	-7.05114	110.3993	-7.05086	110.39893	-39.615	27.549	-35.304	25.721			-35.35462	25.77023	136.92755	137	1.27	0.765	0.699	0	0	0.732	0.204	151	157	3.09021	7.04367	39.368	0	5.5	12.5				0		2784	8.51	3.18	CRUISE
69.95200014	-7.05089	110.39894	-7.05114	110.3993	-7.05086	110.39893	-39.615	27.549	-35.304	25.721			-35.45431	25.86168	139.08764	137	1.27	0.765	0.699	0	0	0.732	0.204	151	157	3.09021	7.04367	39.368	0	5.5	12.5				0		2786	8.53	2.53	CRUISE
70.13700008	-7.05089	110.39894	-7.05114	110.3993	-7.05086	110.39893	-39.615	27.549	-35.409	25.823			-35.45599	25.86982	135.8025	137.1	1.96	0.762	0.702	0	0	0.732	0.1353	154	152	3.09021	6.89732	39.643	0	5.5	12.2				0		2788	8.62	3.11	CRUISE
70.32200003	-7.05089	110.39894	-7.05114	110.3993	-7.05086	110.39893	-39.615	27.549	-35.541	25.959			-35.541	25.959	131.1	137.1	6	0.746	0.702	0	0	0.724	0.0415	158	147	3.09021	6.70804	39.831	0	5.5	11.8				0		2789	8.59	1.51	CRUISE
70.50300002	-7.05088	110.39894	-7.05114	110.3993	-7.05086	110.39893	-39.615	28.452	-35.741	26.119			-35.741	26.119	130.5	137	6.43	0.711	0.716	0	0	0.713	-0.0731	163	141	2.23507	6.45263	39.96	0	3.9	11.4				0		2791	8.58	3.53	CRUISE
70.68799996	-7.05088	110.39894	-7.05114	110.3993	-7.05086	110.39893	-39.615	28.452	-35.84	26.236			-35.84	26.236	130.9	137.1	6.24	0.696	0.722	0	0	0.709	-0.1887	163	141	2.23507	6.30045	40.111	0	3.9	11.1				0		2792	8.58	4.52	CRUISE
70.87199998	-7.05088	110.39894	-7.05114	110.3993	-7.05086	110.39893	-39.615	28.452	-35.84	26.236			-35.92453	26.33532	128.91111	137.1	6.24	0.696	0.722	0	0	0.709	-0.1887	163	141	2.23507	6.30045	40.111	0	3.9	11.1				0		2794	8.47	3.01	CRUISE
71.06100011	-7.05088	110.39894	-7.05114	110.3993	-7.05086	110.39893	-39.615	28.452	-35.933	26.343			-35.933	26.343	131.3	137.3	6	0.692	0.73	0	0	0.711	-0.0142	163	141	2.23507	6.15952	40.379	0	3.9	10.8				0		2795	8.44	8.05	CRUISE
71.25200009	-7.05088	110.39894	-7.05114	110.3993	-7.05086	110.39893	-39.615	28.452	-36.005	26.425			-36.005	26.425	131.6	137.4	5.75	0.696	0.726	0	0	0.711	0.0175	162	141	2.23507	6.051	40.488	0	3.9	10.6				0		2797	8.41	2.65	CRUISE
71.44099998	-7.05088	110.39894	-7.05114	110.3993	-7.05086	110.39893	-40.458	29.089	-36.235	26.603			-36.235	26.603	133.9	137.1	3.21	0.694	0.714	0	0	0.704	-0.0709	160	146	1.433	5.76128	40.641	0	0	10.1				0		2798	8.42	3.46	CRUISE
71.625	-7.05087	110.39893	-7.05114	110.3993	-7.05086	110.39893	-40.458	29.089	-36.295	26.666			-36.295	26.666	134.4	137.2	2.84	0.686	0.72	0	0	0.703	-0.0785	160	146	1.433	5.67444	40.728	0	0	10				0		2800	8.4	2	CRUISE
71.81299996	-7.05087	110.39893	-7.05114	110.3993	-7.05086	110.39893	-40.458	29.248	-36.49	26.811			-36.49	26.811	134.6	136.9	2.27	0.69	0.721	0	0	0.705	-0.0676	160	146	1.274	5.43291	40.842	0	0	9.6				0		2802	8.41	3.52	CRUISE
71.99600005	-7.05087	110.39893	-7.05114	110.3993	-7.05086	110.39893	-40.458	29.248	-36.49	26.811			-36.58038	26.90322	133.89058	136.9	2.27	0.69	0.721	0	0	0.705	-0.0676	160	146	1.274	5.43291	40.842	0	0	9.6				0		2803	8.41	4.01	CRUISE
72.18099999	-7.05087	110.39893	-7.05114	110.3993	-7.05086	110.39893	-40.458	29.248	-36.589	26.912			-36.589	26.912	134.9	137	2.06	0.695	0.727	0	0	0.711	-0.0774	160	147	1.274	5.29162	41.117	0	0	9.3				0		2805	8.39	4.01	CRUISE
72.37000012	-7.05087	110.39893	-7.05114	110.3993	-7.05086	110.39893	-40.458	29.248	-36.719	27.041			-36.719	27.041	136.9	137	0.15	0.704	0.714	0	0	0.709	-0.1047	157	151	1.274	5.10857	41.3	0	0	9				0		2806	8.4	2.03	CRUISE
72.55800009	-7.05087	110.39893	-7.05114	110.3993	-7.05086	110.39893	-40.458	29.248	-36.815	27.129			-36.815	27.129	137.7	137	-0.69	0.716	0.742	0	0	0.729	-0.0425	157	151	1.274	4.97834	41.433	0	0	8.7				0		2808	8.4	4.06	CRUISE
72.74399996	-7.05087	110.39893	-7.05114	110.3993	-7.05086	110.39893	-40.458	29.248	-36.849	27.16			-36.89935	27.20534	137.95424	137	-0.93	0.728	0.747	0	0	0.738	-0.0087	157	151	1.274	4.93233	41.48	0	0	8.6				0		2809	8.39	4.55	CRUISE
72.92900014	-7.05087	110.39893	-7.05114	110.3993	-7.05086	110.39893	-40.458	29.248	-36.933	27.235			-36.98224	27.27918	138.37134	137	-1.08	0.727	0.737	0	0	0.732	0.0524	157	151	1.274	4.81975	41.59	0	0	8.5				0		2811	8.33	3	CRUISE
73.12000012	-7.05087	110.39893	-7.05114	110.3993	-7.05086	110.39893	-40.458	29.248	-36.933	27.235			-37.08702	27.37183	138.94499	137	-1.08	0.727	0.737	0	0	0.732	0.0524	155	153	1.274	4.81975	41.59	0	0	8.5				0		2813	8.43	3.01	CRUISE
73.30800009	-7.05087	110.39893	-7.05114	110.3993	-7.05086	110.39893	-40.458	29.248	-37.125	27.409			-37.125	27.409	137.4	137	-0.45	0.738	0.724	0	0	0.731	0.0251	156	152	1.274	4.56066	41.983	0	0	8				0		2814	8.4	2.67	CRUISE
73.49900007	-7.05087	110.39893	-7.05114	110.3993	-7.05086	110.39893	-40.458	29.248	-37.202	27.483			-37.202	27.483	135.4	137	1.59	0.743	0.722	0	0	0.733	0.0382	158	150	1.274	4.45388	42.09	0	0	7.8				0		2816	8.41	4.52	CRUISE
73.70000005	-7.05087	110.39893	-7.05114	110.3993	-7.05086	110.39893	-40.458	29.248	-37.286	27.565			-37.286	27.565	134.9	137	2.14	0.732	0.703	0	0	0.717	-0.0131	159	147	1.274	4.33652	42.205	0	0	7.6				0		2817	8.44	5.05	CRUISE
73.89100003	-7.05087	110.39893	-7.05114	110.3993	-7.05086	110.39893	-40.458	29.248	-37.382	27.662			-37.382	27.662	134.7	137.1	2.37	0.725	0.713	0	0	0.719	0.0327	160	147	1.274	4.20016	42.343	0	0	7.3				0		2819	8.31	3.99	CRUISE
74.07500005	-7.05087	110.39893	-7.05114	110.3993	-7.05086	110.39893	-40.458	29.248	-37.382	27.662			-37.47547	27.75617	135.04573	137.1	2.37	0.725	0.713	0	0	0.719	0.0327	160	147	1.274	4.20016	42.343	0	0	7.3				0		2820	8.23	4.63	CRUISE
74.26100016	-7.05087	110.39893	-7.05114	110.3993	-7.05086	110.39893	-40.458	29.248	-37.483	27.764			-37.483	27.764	134.7	137.2	2.46	0.721	0.714	0	0	0.718	-0.0905	160	147	1.274	4.05675	42.615	0	0	7.1				0		2822	8.16	2.61	CRUISE
74.44499993	-7.05087	110.39893	-7.05114	110.3993	-7.05086	110.39893	-40.458	29.248	-37.587	27.87			-37.587	27.87	134.6	137.3	2.63	0.711	0.716	0	0	0.713	0.0295	160	147	1.274	3.90842	42.762	0	0	6.8				0		2823	8.21	7.05	CRUISE
74.63100004	-7.05087	110.39893	-7.05114	110.3993	-7.05086	110.39893	-42.144	31.159	-37.828	28.065			-37.828	28.065	134	137	2.92	0.73	0.709	0	0	0.719	0.0196	160	147	1.80232	3.59913	42.915	0	0	6.3				0		2825	8.41	1.96	CRUISE
74.81800008	-7.05085	110.39892	-7.05114	110.3993	-7.05086	110.39893	-42.144	31.159	-37.854	28.092			-37.90069	28.14052	134.32834	137	3.12	0.728	0.707	0	0	0.717	0.0796	160	146	1.80232	3.5617	42.952	0	0	6.2				0		2827	8.39	2.06	CRUISE
75.00500011	-7.05085	110.39892	-7.05114	110.3993	-7.05086	110.39893	-42.144	31.159	-37.944	28.186			-37.98974	28.23387	133.97684	137.1	3.43	0.727	0.708	0	0	0.718	0.0524	160	146	1.80232	3.43178	43.083	0	0	6				0		2828	8.42	2.52	CRUISE
75.19300008	-7.05085	110.39892	-7.05114	110.3993	-7.05086	110.39893	-42.144	31.159	-37.944	28.186			-38.08389	28.33096	134.54239	137.1	3.43	0.727	0.708	0	0	0.718	0.0524	161	145	1.80232	3.43178	43.08	0	0	6				0		2830	8.33	6.06	CRUISE
75.38300014	-7.05085	110.39892	-7.05114	110.3993	-7.05086	110.39893	-42.144	31.159	-38.117	28.368			-38.117	28.368	133.7	137.4	3.72	0.717	0.716	0	0	0.716	-0.0458	160	144	1.80232	3.18119	43.465	0	0	5.5				0		2831	8.27	3.2	CRUISE
75.56599998	-7.05085	110.39892	-7.05114	110.3993	-7.05086	110.39893	-42.144	31.159	-38.193	28.448			-38.193	28.448	134.5	137.5	3.01	0.705	0.726	0	0	0.715	-0.0589	160	146	1.80232	3.07111	43.576	0	0	5.3				0		2833	8.25	2.01	CRUISE
75.75600004	-7.05085	110.39891	-7.05114	110.3993	-7.05086	110.39893	-42.987	31.902	-38.427	28.635			-38.427	28.635	135.1	137.1	2.04	0.702	0.723	0	0	0.712	-0.0153	159	147	2.88101	2.77231	43.709	0	5	4.8				0		2834	8.19	3.92	CRUISE
75.94499993	-7.05085	110.39891	-7.05114	110.3993	-7.05086	110.39893	-42.987	31.902	-38.519	28.726			-38.519	28.726	135.2	137.2	1.98	0.703	0.716	0	0	0.709	-0.0665	159	147	2.88101	2.64298	43.838	0	5	4.6				0		2836	8.24	4.52	CRUISE
76.13100004	-7.05085	110.39891	-7.05114	110.3993	-7.05086	110.39893	-42.987	31.902	-38.519	28.726			-38.61201	28.81894	134.49339	137.2	1.98	0.703	0.716	0	0	0.709	-0.0665	159	147	2.88101	2.64298	43.838	0	5	4.6				1		2837	8.2	3.04	CRUISE
76.3210001	-7.05085	110.39891	-7.05114	110.3993	-7.05086	110.39893	-42.987	31.902	-38.619	28.826			-38.619	28.826	135.5	137.3	1.86	0.699	0.716	0	0	0.708	-0.0207	159	147	2.88101	2.50167	44.09	0	5	4.3				0		2839	8.24	3.42	CRUISE
76.50600004	-7.05085	110.39891	-7.05114	110.3993	-7.05086	110.39893	-42.987	31.902	-38.725	28.929			-38.725	28.929	136.6	137.4	0.83	0.702	0.72	0	0	0.711	-0.0251	160	148	2.88101	2.35392	44.239	0	5	4.1				0		2840	8.28	14.25	CRUISE
76.69200015	-7.05085	110.39891	-7.05114	110.3993	-7.05086	110.39893	-42.987	31.902	-38.808	29.006			-38.808	29.006	137.2	137.4	0.27	0.717	0.716	0	0	0.717	0.0098	157	151	2.88101	2.2407	44.352	0	5	3.9				0		2842	8.22	3.01	CRUISE
76.88000011	-7.05085	110.39891	-7.05114	110.3993	-7.05086	110.39893	-42.987	31.902	-38.862	29.056			-38.91106	29.10159	136.85421	137.4	0.31	0.718	0.713	0	0	0.715	-0.0458	157	151	2.88101	2.16711	44.426	0	5	3.8				0		2843	8.2	3.52	CRUISE
77.06999993	-7.05085	110.39891	-7.05114	110.3993	-7.05086	110.39893	-42.987	31.902	-38.958	29.145			-39.00826	29.19138	137.10651	137.5	0.22	0.725	0.733	0	0	0.729	-0.036	157	151	2.88101	2.0362	44.558	0	5	3.5				0		2845	8.25	2.03	CRUISE
77.25399995	-7.05085	110.39891	-7.05114	110.3993	-7.05086	110.39893	-42.987	31.902	-38.958	29.145			-39.10664	29.28308	136.72597	137.5	0.22	0.725	0.733	0	0	0.729	-0.036	157	151	2.88101	2.0362	44.558	0	5	3.5				0		2847	8.36	2	CRUISE
