TIME,Lat_GPS,Lon_GPS,Target_Lat,Target_Lon,Theta,Theta_Target,Theta_Err,VL,VR,V_Aktual,Dist_GPS,Dist_Travelled,ETA_GPS,WP,MODE
18:52.0,-7.048954,110.392967,-7.048953,110.393264,359.66,269.83,-89.83,0.13,0.1,0.12,32.84,1.3,285.05,0,1
18:52.2,-7.048954,110.392967,-7.048952,110.393264,359.51,269.58,-89.93,0.11,0.11,0.11,32.84,1.32,293.97,0,1
18:52.3,-7.048954,110.392967,-7.048952,110.393264,358.24,269.58,-88.66,0.11,0.14,0.13,32.84,1.34,261.31,0,1
18:52.6,-7.048954,110.392967,-7.048952,110.393264,356.83,269.58,-87.25,0.1,0.13,0.12,32.84,1.36,285.06,0,1
18:52.8,-7.048954,110.392967,-7.048952,110.393264,355.68,269.58,-86.1,0.1,0.14,0.12,32.84,1.38,276.68,0,1
18:53.0,-7.048954,110.392967,-7.048951,110.393264,355.52,269.33,-86.19,0.05,0.06,0.06,32.84,1.39,587.96,0,1
18:53.2,-7.048954,110.392967,-7.048938,110.393249,350.06,266.75,-83.31,0.01,0.24,0.12,31.2,1.48,255.38,0,1
18:53.3,-7.048954,110.392967,-7.048938,110.393249,341.51,266.57,-74.94,0.01,0.36,0.19,31.2,1.52,168.66,0,1
18:53.6,-7.048954,110.392967,-7.048938,110.393249,323.11,266.57,-56.53,0.01,0.74,0.38,31.2,1.58,82.77,0,1
18:53.8,-7.048954,110.392967,-7.048937,110.393249,307.52,266.31,-41.21,0.03,0.66,0.34,31.21,1.65,91.24,0,1
18:54.0,-7.048954,110.392967,-7.048937,110.393249,296.34,266.31,-30.03,0.06,0.73,0.39,31.21,1.72,79.12,0,1
18:54.2,-7.048954,110.392967,-7.048937,110.393249,276.81,266.31,-10.5,0.14,0.84,0.49,31.21,1.8,63.86,0,1
18:54.4,-7.048954,110.392967,-7.048937,110.393241,263.55,266.31,2.75,0.22,0.79,0.51,30.37,1.9,60,0,1
18:54.7,-7.048954,110.392967,-7.048937,110.393241,254.28,266.31,12.02,0.66,1.14,0.9,30.37,2.06,50,0,1
18:54.8,-7.048954,110.392967,-7.048938,110.393241,252.12,266.58,14.46,0.64,0.68,0.66,30.36,2.18,46.27,0,1
18:55.0,-7.048954,110.392967,-7.048938,110.393241,254.65,266.58,11.92,0.69,0.62,0.66,30.36,2.29,46.27,0,1
18:55.2,-7.048954,110.392967,-7.048938,110.393241,263.96,266.58,2.61,0.73,0.62,0.67,30.36,2.42,45.07,0,1
18:55.4,-7.048954,110.392967,-7.048938,110.393241,271.83,266.58,-5.25,0.77,0.61,0.69,30.36,2.54,43.93,0,1
18:55.7,-7.048954,110.392967,-7.048938,110.393234,278.63,266.4,-12.24,1,0.91,0.95,29.52,2.71,30.98,0,1
18:55.8,-7.048954,110.392967,-7.048937,110.393234,279.64,266.3,-13.34,0.64,0.65,0.64,29.53,2.83,45.97,0,1
18:56.1,-7.048954,110.392967,-7.048937,110.393234,278.84,266.3,-12.54,0.61,0.73,0.67,29.53,2.95,43.83,0,1
18:56.3,-7.048954,110.392967,-7.048937,110.393234,276.96,266.3,-10.65,0.61,0.71,0.66,29.53,3.07,44.75,0,1
18:56.4,-7.048954,110.392967,-7.048937,110.393234,274.11,266.3,-7.81,0.61,0.74,0.68,29.53,3.19,43.6,0,1
18:56.7,-7.048954,110.392967,-7.048937,110.393226,269.68,266.01,-3.67,0.71,0.96,0.84,28.69,3.34,34.25,0,1
18:56.9,-7.048954,110.392967,-7.048937,110.393226,266.92,266.01,-0.91,0.39,0.54,0.46,28.69,3.42,61.8,0,1
18:57.1,-7.048954,110.392967,-7.048937,110.393226,265.07,266.01,0.94,0.41,0.54,0.48,28.69,3.51,59.99,0,1
18:57.2,-7.048954,110.392967,-7.048937,110.393226,262.69,266.01,3.32,0.54,0.64,0.59,28.69,3.62,48.63,0,1
18:57.4,-7.048954,110.392967,-7.048938,110.393226,262.08,266.3,4.22,0.64,0.64,0.64,28.68,3.73,44.66,0,1
18:57.7,-7.048954,110.392967,-7.048938,110.393226,263.79,266.3,2.51,1.01,0.94,0.98,28.68,3.91,29.35,0,1
18:57.9,-7.048954,110.392967,-7.048938,110.393226,265.33,266.3,0.97,0.74,0.62,0.68,28.68,4.03,42.14,0,1
18:58.1,-7.048954,110.392967,-7.048938,110.393226,266.31,266.3,-0.01,0.75,0.68,0.71,28.68,4.16,40.28,0,1
18:58.3,-7.048954,110.392967,-7.048939,110.393218,267.9,266.59,-1.31,0.76,0.66,0.71,27.84,4.29,39.09,0,1
18:58.5,-7.048954,110.392967,-7.048939,110.393218,269.33,266.59,-2.74,0.66,0.61,0.64,27.84,4.4,43.82,0,1
18:58.7,-7.048954,110.392967,-7.048939,110.393218,270.02,266.59,-3.43,0.99,0.98,0.98,27.84,4.58,28.28,0,1
18:58.9,-7.048954,110.392967,-7.048939,110.393218,269.85,266.59,-3.26,0.64,0.64,0.64,27.84,4.69,43.58,0,1
18:59.1,-7.048954,110.392967,-7.048939,110.393218,269.61,266.59,-3.02,0.66,0.71,0.68,27.84,4.81,40.89,0,1
18:59.3,-7.048954,110.392967,-7.04894,110.393211,268.8,266.6,-2.2,0.66,0.67,0.67,26.99,4.93,40.48,0,1
18:59.5,-7.048954,110.392967,-7.04894,110.393211,267.58,266.8,-0.78,0.66,0.71,0.68,26.99,5.06,39.44,0,1
18:59.7,-7.048954,110.392967,-7.04894,110.393211,265.25,266.8,1.55,1,1.02,1.01,26.99,5.24,26.75,0,1
18:59.9,-7.048954,110.392967,-7.04894,110.393211,263.77,266.8,3.02,0.67,0.72,0.69,26.99,5.36,38.85,0,1
19:00.0,-7.048954,110.392967,-7.048941,110.393211,264.03,266.9,2.86,0.64,0.59,0.62,26.98,5.48,43.67,0,1
19:00.3,-7.048954,110.392967,-7.048941,110.393211,265.23,266.9,1.67,0.65,0.56,0.6,26.98,5.58,44.68,0,1
19:00.5,-7.048954,110.392967,-7.048941,110.393211,266.87,266.9,0.03,0.67,0.59,0.63,26.98,5.7,42.71,0,1
19:00.7,-7.048954,110.392967,-7.048941,110.393211,270.1,266.9,-3.21,0.91,0.73,0.82,26.98,5.85,32.89,0,1
19:00.8,-7.048954,110.392967,-7.048941,110.393211,272.05,266.9,-5.15,0.54,0.51,0.53,26.98,5.94,51.19,0,1
19:01.0,-7.048954,110.392967,-7.048941,110.393203,272.45,266.93,-5.52,0.61,0.59,0.6,26.14,6.05,43.54,0,1
19:01.3,-7.048954,110.392967,-7.048941,110.393203,271.81,266.93,-4.88,0.64,0.66,0.65,26.14,6.17,40.04,0,1
19:01.5,-7.048954,110.392967,-7.048941,110.393203,269.82,266.93,-2.89,0.64,0.7,0.67,26.14,6.29,39.21,0,1
19:01.7,-7.048954,110.392967,-7.048942,110.393196,266.91,266.94,0.03,0.73,0.89,0.81,25.29,6.43,31.23,0,1
19:01.9,-7.048954,110.392967,-7.048942,110.393196,265.04,266.94,1.9,0.57,0.61,0.59,25.29,6.54,43.13,0,1
19:02.1,-7.048954,110.392967,-7.048943,110.393196,264.54,267.05,2.51,0.59,0.64,0.61,25.29,6.65,41.4,0,1
19:02.3,-7.048954,110.392967,-7.048943,110.393196,264.9,267.05,2.15,0.7,0.66,0.68,25.29,6.77,37.35,0,1
19:02.5,-7.048954,110.392967,-7.048943,110.393196,265.53,267.05,1.52,0.73,0.64,0.68,25.29,6.89,36.96,0,1
19:02.7,-7.048954,110.392967,-7.048943,110.393196,267.72,267.05,-0.67,1.03,0.93,0.98,25.29,7.07,25.88,0,1
19:02.9,-7.048954,110.392967,-7.048943,110.393188,268.17,267.09,-1.07,0.66,0.57,0.61,24.44,7.18,39.79,0,1
19:03.1,-7.048954,110.392967,-7.048943,110.393188,268.05,267.09,-0.96,0.65,0.65,0.65,24.44,7.3,37.65,0,1
19:03.3,-7.048954,110.392967,-7.048943,110.393188,268.05,267.09,-0.96,0.53,0.56,0.54,24.44,7.39,44.89,0,1
19:03.5,-7.048954,110.392967,-7.048943,110.393188,267.82,267.09,-0.73,0.58,0.59,0.59,24.44,7.5,41.68,0,1
19:03.7,-7.048954,110.392967,-7.048944,110.393188,266.88,267.44,0.56,0.93,0.91,0.92,24.44,7.67,26.52,0,1
19:03.9,-7.048954,110.392967,-7.048944,110.393188,266.05,267.44,1.39,0.69,0.68,0.68,24.44,7.79,35.72,0,1
19:04.1,-7.048954,110.392967,-7.048944,110.393188,265.67,267.44,1.77,0.74,0.74,0.74,24.44,7.92,33.03,0,1
19:04.4,-7.048954,110.392967,-7.048944,110.393188,266.23,267.44,1.21,0.75,0.73,0.74,24.44,8.06,33.03,0,1
19:04.6,-7.048954,110.392967,-7.048944,110.393188,267.76,267.44,-0.32,0.77,0.69,0.73,24.44,8.19,33.34,0,1
19:04.7,-7.048954,110.392967,-7.048944,110.393188,270.63,267.44,-3.19,1.16,1.03,1.1,24.44,8.38,22.3,0,1
19:04.9,-7.048954,110.392967,-7.048947,110.39318,271.13,268.02,-3.1,0.75,0.69,0.72,23.59,8.51,32.64,0,1
19:05.1,-7.048954,110.392967,-7.048947,110.39318,270.8,268.02,-2.78,0.7,0.74,0.72,23.59,8.64,32.8,0,1
19:05.4,-7.048954,110.392967,-7.048948,110.39318,269.28,268.37,-0.91,0.71,0.75,0.73,23.58,8.77,32.48,0,1
19:05.6,-7.048954,110.392967,-7.048948,110.39318,267.75,268.37,0.62,0.71,0.8,0.75,23.58,8.91,31.43,0,1
19:05.8,-7.048954,110.392967,-7.048948,110.39318,265.7,268.37,2.67,1.05,1.12,1.09,23.58,9.1,21.72,0,1
19:06.0,-7.048954,110.392967,-7.048948,110.39318,265.2,268.37,3.17,0.74,0.77,0.76,23.58,9.24,31.14,0,1
19:06.2,-7.048954,110.392967,-7.048948,110.39318,265.82,268.37,2.55,0.77,0.71,0.74,23.58,9.37,32.02,0,1
19:06.4,-7.048954,110.392967,-7.048948,110.39318,267.16,268.37,1.21,0.75,0.71,0.73,23.58,9.51,32.17,0,1
19:06.6,-7.048954,110.392967,-7.048948,110.39318,268.7,268.37,-0.33,0.76,0.71,0.73,23.58,9.64,32.17,0,1
19:06.8,-7.048954,110.392967,-7.048948,110.39318,269.88,268.37,-1.51,1.1,1.01,1.05,23.58,9.83,22.37,0,1
19:07.0,-7.048954,110.392967,-7.048948,110.39318,269.52,268.37,-1.15,0.72,0.73,0.72,23.58,9.96,32.64,0,1
19:07.2,-7.048954,110.392967,-7.048948,110.39318,268.77,268.37,-0.4,0.68,0.72,0.7,23.58,10.08,33.61,0,1
19:07.4,-7.048954,110.392967,-7.048948,110.39318,267.53,268.37,0.84,0.48,0.56,0.52,23.58,10.18,45.35,0,1
19:07.6,-7.048954,110.392967,-7.048948,110.39318,266.68,268.37,1.69,0.45,0.51,0.48,23.58,10.26,49.32,0,1
19:07.8,-7.048954,110.392967,-7.048948,110.39318,266.38,268.37,1.99,0.89,0.87,0.88,23.58,10.42,26.92,0,1
19:08.0,-7.048954,110.392967,-7.048948,110.39318,267.06,268.37,1.31,0.71,0.66,0.68,23.58,10.54,34.47,0,1
19:08.2,-7.048954,110.392967,-7.048948,110.39318,267.86,268.37,0.51,0.68,0.61,0.65,23.58,10.66,36.52,0,1
19:08.4,-7.048954,110.392967,-7.048948,110.39318,269.65,268.37,-1.28,0.75,0.7,0.73,23.58,10.79,32.48,0,1
19:08.6,-7.048954,110.392967,-7.048954,110.393157,271.23,269.87,-1.37,0.73,0.66,0.69,21.05,10.92,30.3,0,1
19:08.8,-7.048954,110.392967,-7.048954,110.393157,271.9,269.87,-2.04,0.88,0.94,0.91,21.05,11.08,23.1,0,1
19:09.0,-7.048954,110.392967,-7.048954,110.393157,271.53,269.87,-1.66,0.57,0.61,0.59,21.05,11.19,35.68,0,1
19:09.2,-7.048954,110.392967,-7.048954,110.393157,270.49,269.87,-0.63,0.6,0.61,0.61,21.05,11.3,34.65,0,1
19:09.4,-7.048954,110.392967,-7.048955,110.393157,268.16,270.4,2.24,0.45,0.51,0.48,21.05,11.38,44.01,0,1
19:09.6,-7.048954,110.392967,-7.048955,110.393157,266.92,270.53,3.61,0.52,0.54,0.53,21.05,11.48,39.67,0,1
19:09.8,-7.048954,110.392967,-7.048956,110.393157,267.36,270.94,3.58,0.81,0.77,0.79,21.05,11.62,26.68,0,1
19:10.0,-7.048954,110.392967,-7.048956,110.39315,268.44,270.94,2.5,0.67,0.64,0.66,20.21,11.74,30.79,0,1
19:10.2,-7.048954,110.392967,-7.048956,110.39315,269.45,270.94,1.49,0.72,0.64,0.68,20.21,11.86,29.69,0,1
19:10.5,-7.048954,110.392967,-7.048956,110.39315,271.04,270.94,-0.11,0.76,0.69,0.73,20.21,11.99,27.83,0,1
19:10.7,-7.048954,110.392967,-7.048956,110.39315,271.96,270.94,-1.02,0.74,0.7,0.72,20.21,12.12,28.1,0,1
19:10.8,-7.048954,110.392967,-7.048957,110.39315,272.7,271.2,-1.49,1.02,0.97,0.99,20.21,12.3,20.31,0,1
19:11.0,-7.048954,110.392967,-7.048958,110.39315,272.78,271.34,-1.44,0.68,0.69,0.68,20.21,12.42,29.54,0,1
19:11.2,-7.048954,110.392967,-7.048958,110.39315,271.97,271.34,-0.64,0.66,0.68,0.67,20.21,12.54,30.16,0,1
19:11.5,-7.048954,110.392967,-7.048959,110.393142,269.97,271.8,1.84,0.69,0.75,0.72,19.37,12.67,26.81,0,1
19:11.7,-7.048954,110.392967,-7.048959,110.393142,268.59,271.8,3.21,0.68,0.75,0.72,19.37,12.8,27.07,0,1
19:11.9,-7.048954,110.392967,-7.048959,110.393142,267.92,271.8,3.88,1.03,1.03,1.03,19.37,12.99,18.88,0,1
19:12.1,-7.048954,110.392967,-7.048959,110.393142,268.97,271.8,2.84,0.71,0.67,0.69,19.37,13.11,28.03,0,1
19:12.2,-7.048954,110.392967,-7.048959,110.393142,270.17,271.8,1.64,0.71,0.6,0.66,19.37,13.23,29.52,0,1
19:12.5,-7.048954,110.392967,-7.048959,110.393142,272.73,271.8,-0.92,0.51,0.43,0.47,19.37,13.31,41.11,0,1
19:12.7,-7.048954,110.392967,-7.048959,110.393142,274.95,271.8,-3.15,0.6,0.5,0.55,19.37,13.41,35.12,0,1
19:12.9,-7.048954,110.392967,-7.048959,110.393142,275.83,271.8,-4.02,0.9,0.81,0.86,19.37,13.57,22.65,0,1
19:13.1,-7.048954,110.392967,-7.04896,110.393135,274.9,272.1,-2.79,0.64,0.68,0.66,18.53,13.69,28.09,0,1
19:13.3,-7.048954,110.392967,-7.04896,110.393135,273.85,272.1,-1.75,0.66,0.7,0.68,18.53,13.81,27.37,0,1
19:13.5,-7.048954,110.392967,-7.04896,110.393135,271.89,272.1,0.21,0.68,0.75,0.71,18.53,13.94,26.03,0,1
19:13.7,-7.048954,110.392967,-7.04896,110.393135,270.47,272.1,1.63,0.61,0.65,0.63,18.53,14.05,29.33,0,1
19:13.9,-7.048954,110.392967,-7.04896,110.393135,268.47,272.1,3.64,0.98,1,0.99,18.53,14.23,18.7,0,1
19:14.1,-7.048954,110.392967,-7.04896,110.393135,269,272.1,3.11,0.61,0.61,0.61,18.53,14.34,30.17,0,1
19:14.3,-7.048954,110.392967,-7.04896,110.393135,270.41,272.1,1.69,0.67,0.58,0.62,18.53,14.45,29.66,0,1
19:14.6,-7.048954,110.392967,-7.04896,110.393135,273.63,272.1,-1.53,0.71,0.59,0.65,18.53,14.57,28.7,0,1
19:14.8,-7.048954,110.392967,-7.04896,110.393135,276.2,272.1,-4.1,0.71,0.59,0.65,18.53,14.69,28.39,0,1
19:14.9,-7.048954,110.392967,-7.048961,110.393127,277.05,272.98,-4.07,1.03,0.93,0.98,17.7,14.86,18.11,0,1
19:15.1,-7.048954,110.392967,-7.048961,110.393127,277.39,272.98,-4.41,0.64,0.67,0.66,17.7,14.98,26.97,0,1
19:15.3,-7.048954,110.392967,-7.048961,110.393127,276.74,272.98,-3.76,0.64,0.63,0.63,17.7,15.09,28.01,0,1
19:15.6,-7.048954,110.392967,-7.048961,110.393127,275.42,272.98,-2.44,0.47,0.59,0.53,17.7,15.19,33.14,0,1
19:15.8,-7.048954,110.392967,-7.048961,110.393127,274.28,272.98,-1.3,0.61,0.61,0.61,17.7,15.3,28.81,0,1
19:15.9,-7.048954,110.392967,-7.048961,110.393127,273.16,272.98,-0.18,0.73,0.82,0.78,17.7,15.44,22.74,0,1
19:16.1,-7.048954,110.392967,-7.048961,110.393127,272.87,272.98,0.11,0.52,0.6,0.56,17.7,15.54,31.49,0,1
19:16.3,-7.048954,110.392967,-7.048961,110.393127,272.81,272.98,0.17,0.6,0.59,0.6,17.7,15.65,29.65,0,1
19:16.6,-7.048954,110.392967,-7.048961,110.393127,272.39,272.98,0.59,0.67,0.64,0.66,17.7,15.77,26.97,0,1
19:16.8,-7.048954,110.392967,-7.048961,110.393127,272.23,272.98,0.75,0.66,0.68,0.67,17.7,15.89,26.41,0,1
19:17.0,-7.048954,110.392967,-7.048961,110.393127,272.29,272.98,0.69,0.89,0.89,0.89,17.7,16.05,19.96,0,1
19:17.2,-7.048954,110.392967,-7.048961,110.393127,272.36,272.98,0.62,0.66,0.69,0.68,17.7,16.17,26.14,0,1
19:17.4,-7.048954,110.392967,-7.048961,110.393127,271.82,272.98,1.16,0.69,0.7,0.69,17.7,16.29,25.48,0,1
19:17.6,-7.048954,110.392967,-7.048961,110.393127,270.82,272.98,2.16,0.7,0.73,0.71,17.7,16.42,24.85,0,1
19:17.8,-7.048954,110.392967,-7.048963,110.393112,271.65,273.6,1.95,0.69,0.69,0.69,16.03,16.55,23.19,0,1
19:18.0,-7.048954,110.392967,-7.048963,110.393112,273.93,273.6,-0.33,1.15,1.01,1.08,16.03,16.74,14.86,0,1
19:18.2,-7.048954,110.392967,-7.048963,110.393112,275.9,273.6,-2.3,0.73,0.66,0.69,16.03,16.87,23.07,0,1
19:18.4,-7.048954,110.392967,-7.048963,110.393112,276.22,273.6,-2.61,0.67,0.61,0.64,16.03,16.98,25.09,0,1
19:18.7,-7.048954,110.392967,-7.048963,110.393112,276.22,273.6,-2.61,0.67,0.71,0.69,16.03,17.11,23.07,0,1
19:18.8,-7.048954,110.392967,-7.048964,110.393104,274.45,274.14,-0.31,0.67,0.71,0.69,15.2,17.23,21.99,0,1
19:19.0,-7.048954,110.392967,-7.048964,110.393104,272.14,274.14,2,0.9,1,0.95,15.2,17.4,16,0,1
19:19.2,-7.048954,110.392967,-7.048964,110.393104,271.74,274.32,2.59,0.67,0.7,0.68,15.2,17.52,22.22,0,1
19:19.4,-7.048954,110.392967,-7.048964,110.393104,272.16,274.32,2.16,0.64,0.56,0.6,15.2,17.63,25.32,0,1
19:19.7,-7.048954,110.392967,-7.048964,110.393104,273.5,274.32,0.82,0.61,0.58,0.6,15.2,17.74,25.46,0,1
19:19.8,-7.048954,110.392967,-7.048964,110.393104,275.25,274.32,-0.93,0.68,0.59,0.63,15.2,17.85,24.06,0,1
19:20.0,-7.048954,110.392967,-7.048964,110.393104,277.04,274.32,-2.72,1.03,0.85,0.94,15.2,18.02,16.19,0,1
19:20.2,-7.048954,110.392967,-7.048965,110.393096,278.49,275,-3.49,0.68,0.66,0.67,14.36,18.14,21.55,0,1
19:20.4,-7.048954,110.392967,-7.048965,110.393096,279.24,275,-4.24,0.63,0.63,0.63,14.36,18.26,22.86,0,1
19:20.7,-7.048954,110.392967,-7.048965,110.393096,279.01,275,-4.01,0.64,0.66,0.65,14.36,18.37,22.24,0,1
19:20.9,-7.048954,110.392967,-7.048965,110.393096,277.67,275,-2.67,0.64,0.68,0.66,14.36,18.49,21.77,0,1
19:21.1,-7.048954,110.392967,-7.048965,110.393096,274.33,275,0.67,0.91,1.02,0.96,14.36,18.66,14.91,0,1
19:21.2,-7.048954,110.392967,-7.048965,110.393089,272.18,275.92,3.74,0.63,0.71,0.67,13.53,18.78,20.29,0,1
19:21.4,-7.048954,110.392967,-7.048965,110.393089,271.26,275.92,4.66,0.68,0.68,0.68,13.53,18.91,19.78,0,1
19:21.7,-7.048954,110.392967,-7.048965,110.393089,271.41,275.92,4.51,0.68,0.66,0.67,13.53,19.03,20.08,0,1
19:21.9,-7.048954,110.392967,-7.048965,110.393089,272.46,275.92,3.46,0.71,0.61,0.66,13.53,19.15,20.51,0,1
19:22.1,-7.048954,110.392967,-7.048965,110.393089,274.21,275.92,1.72,1.08,0.92,1,13.53,19.33,13.51,0,1
19:22.3,-7.048954,110.392967,-7.048965,110.393089,276.35,275.92,-0.43,0.67,0.58,0.62,13.53,19.44,21.66,0,1
19:22.4,-7.048954,110.392967,-7.048965,110.393089,277.48,275.92,-1.56,0.68,0.59,0.64,13.53,19.55,21.3,0,1
19:22.7,-7.048954,110.392967,-7.048965,110.393089,278.48,275.92,-2.56,0.68,0.66,0.67,13.53,19.67,20.19,0,1
19:22.9,-7.048954,110.392967,-7.048965,110.393089,278.42,275.92,-2.5,0.71,0.68,0.69,13.53,19.8,19.58,0,1
19:23.1,-7.048954,110.392967,-7.048965,110.393081,276.82,276.29,-0.53,1.02,1.09,1.05,12.69,19.99,12.04,0,1
19:23.3,-7.048954,110.392967,-7.048965,110.393081,275.9,276.29,0.39,0.64,0.68,0.66,12.69,20.11,19.34,0,1
19:23.5,-7.048954,110.392967,-7.048965,110.393081,275.75,276.29,0.54,0.66,0.71,0.68,12.69,20.23,18.55,0,1
19:23.7,-7.048954,110.392967,-7.048965,110.393081,276.73,276.29,-0.44,0.73,0.69,0.71,12.69,20.36,17.91,0,1
19:23.9,-7.048954,110.392967,-7.048965,110.393081,277.82,276.29,-1.53,0.76,0.67,0.72,12.69,20.49,17.74,0,1
19:24.1,-7.048954,110.392967,-7.048965,110.393081,278.36,276.29,-2.07,1.05,1.03,1.04,12.69,20.67,12.2,0,1
19:24.3,-7.048954,110.392967,-7.048966,110.393074,277.4,276.29,-1.12,0.71,0.72,0.72,11.86,20.8,16.58,0,1
19:24.5,-7.048954,110.392967,-7.048966,110.393074,276.39,276.29,-0.1,0.69,0.76,0.73,11.86,20.93,16.34,0,1
19:24.8,-7.048954,110.392967,-7.048966,110.393074,274.56,276.29,1.72,0.7,0.74,0.72,11.86,21.06,16.5,0,1
19:25.0,-7.048954,110.392967,-7.048966,110.393066,273.45,277.18,3.73,0.7,0.76,0.73,11.03,21.19,15.12,0,1
19:25.1,-7.048954,110.392967,-7.048966,110.393066,274.47,277.18,2.71,0.98,0.91,0.95,11.03,21.36,11.66,0,1
19:25.3,-7.048954,110.392967,-7.048966,110.393066,276.51,277.18,0.67,0.71,0.64,0.68,11.03,21.49,16.29,0,1
19:25.5,-7.048954,110.392967,-7.048966,110.393066,278.19,277.18,-1.01,0.72,0.6,0.66,11.03,21.6,16.72,0,1
19:25.8,-7.048954,110.392967,-7.048966,110.393066,281.08,277.18,-3.9,0.73,0.64,0.68,11.03,21.73,16.12,0,1
19:26.0,-7.048954,110.392967,-7.048967,110.393058,282.13,278.27,-3.86,0.64,0.6,0.62,10.2,21.84,16.52,0,1
19:26.2,-7.048954,110.392967,-7.048967,110.393058,281.54,278.27,-3.27,0.96,1.01,0.99,10.2,22.02,10.33,0,1
19:26.4,-7.048954,110.392967,-7.048967,110.393058,280.1,278.27,-1.83,0.59,0.64,0.62,10.2,22.13,16.52,0,1
19:26.6,-7.048954,110.392967,-7.048967,110.393058,278.86,278.27,-0.59,0.59,0.67,0.63,10.2,22.24,16.24,0,1
19:26.8,-7.048954,110.392967,-7.048967,110.393058,276.72,278.81,2.1,0.59,0.62,0.6,10.21,22.35,16.91,0,1
19:27.0,-7.048954,110.392967,-7.048967,110.393058,276.17,278.81,2.64,0.61,0.66,0.64,10.21,22.46,15.99,0,1
19:27.2,-7.048954,110.392967,-7.048967,110.393058,278.31,278.81,0.5,1.07,0.96,1.01,10.21,22.65,10.09,0,1
19:27.4,-7.048954,110.392967,-7.048967,110.393058,280.55,278.81,-1.74,0.75,0.65,0.7,10.21,22.77,14.63,0,1
19:27.6,-7.048954,110.392967,-7.048967,110.393058,281.77,278.81,-2.96,0.75,0.68,0.72,10.21,22.9,14.27,0,1
19:27.8,-7.048954,110.392967,-7.048967,110.393058,282.31,278.81,-3.5,0.76,0.72,0.74,10.21,23.03,13.8,0,1
19:28.0,-7.048954,110.392967,-7.048967,110.393043,281.62,279.75,-1.87,0.72,0.76,0.74,8.54,23.17,11.54,0,1
19:28.2,-7.048954,110.392967,-7.048967,110.393043,279.83,279.75,-0.09,0.98,1.05,1.02,8.54,23.35,8.41,0,1
19:28.4,-7.048954,110.392967,-7.048967,110.393043,278.33,279.75,1.42,0.67,0.75,0.71,8.54,23.48,12.05,0,1
19:28.6,-7.048954,110.392967,-7.048967,110.393043,277.72,279.75,2.03,0.68,0.72,0.7,8.54,23.6,12.17,0,1
19:28.9,-7.048954,110.392967,-7.048967,110.393043,278,279.75,1.75,0.74,0.73,0.73,8.54,23.74,11.65,0,1
19:29.1,-7.048954,110.392967,-7.048967,110.393043,279.61,279.75,0.14,0.73,0.66,0.69,8.54,23.86,12.36,0,1
19:29.3,-7.048954,110.392967,-7.048967,110.393043,281.46,279.75,-1.71,1.14,1,1.07,8.54,24.05,7.97,0,1
19:29.4,-7.048954,110.392967,-7.048967,110.393043,281.94,279.75,-2.19,0.77,0.72,0.74,8.54,24.19,11.49,0,1
19:29.6,-7.048954,110.392967,-7.048967,110.393043,281.22,279.75,-1.48,0.73,0.73,0.73,8.54,24.32,11.71,0,1
19:29.9,-7.048954,110.392967,-7.048967,110.393043,279.48,279.75,0.27,0.73,0.81,0.77,8.54,24.46,11.12,0,1
19:30.1,-7.048954,110.392967,-7.048967,110.393043,277.88,279.75,1.87,0.71,0.75,0.73,8.54,24.59,11.71,0,1
19:30.3,-7.048954,110.392967,-7.048967,110.393043,278.85,279.75,0.89,1.04,1.06,1.05,8.54,24.78,8.13,0,1
19:30.4,-7.048954,110.392967,-7.04897,110.393028,280.79,286.24,5.45,0.77,0.66,0.72,6.97,24.91,9.74,0,1
19:30.6,-7.048954,110.392967,-7.04897,110.393028,282.5,286.24,3.74,0.79,0.69,0.74,6.97,25.04,9.42,0,1
19:30.9,-7.048954,110.392967,-7.048971,110.393028,286.56,287.48,0.91,0.63,0.52,0.57,7,25.14,12.23,0,1
19:31.1,-7.048954,110.392967,-7.048971,110.393028,289.32,287.48,-1.84,0.73,0.54,0.64,7,25.26,11.02,0,1
19:31.3,-7.048954,110.392967,-7.048971,110.393028,292.07,287.48,-4.59,0.94,0.85,0.89,7,25.42,7.83,0,1
19:31.5,-7.048954,110.392967,-7.04897,110.39302,292.46,288.41,-4.05,0.53,0.54,0.54,6.16,25.51,11.46,0,1
19:31.7,-7.048954,110.392967,-7.04897,110.39302,291.49,288.41,-3.08,0.6,0.63,0.61,6.16,25.63,10.03,0,1
19:31.9,-7.048954,110.392967,-7.04897,110.39302,289.6,288.41,-1.19,0.6,0.69,0.65,6.16,25.74,9.54,0,1
19:32.1,-7.048954,110.392967,-7.04897,110.39302,288.08,288.41,0.33,0.64,0.68,0.66,6.16,25.86,9.34,0,1
19:32.3,-7.048954,110.392967,-7.04897,110.39302,286.78,288.41,1.63,1.05,1.11,1.08,6.16,26.05,5.71,0,1
19:32.5,-7.048954,110.392967,-7.04897,110.39302,287.07,288.41,1.34,0.75,0.69,0.72,6.16,26.18,8.53,0,1
19:32.7,-7.048954,110.392967,-7.04897,110.39302,288.32,288.41,0.09,0.72,0.69,0.71,6.16,26.31,8.74,0,1
19:33.0,-7.048954,110.392967,-7.04897,110.39302,290.78,288.41,-2.37,0.77,0.69,0.73,6.16,26.44,8.41,0,1
19:33.2,-7.048954,110.392967,-7.048969,110.393013,291.7,290.7,-1,0.77,0.7,0.74,5.33,26.58,7.24,0,1
19:33.3,-7.048954,110.392967,-7.048969,110.393013,290.49,290.7,0.21,1.04,1.07,1.05,5.33,26.77,5.06,0,1
19:33.5,-7.048954,110.392967,-7.04897,110.393013,289.18,291.22,2.04,0.73,0.72,0.73,5.35,26.9,7.36,0,1
19:33.7,-7.048954,110.392967,-7.04897,110.393005,288.86,291.22,2.36,0.79,0.76,0.77,4.56,27.04,5.88,0,1
19:34.0,-7.048954,110.392967,-7.04897,110.393005,290.04,291.22,1.18,0.71,0.68,0.69,4.56,27.16,6.56,0,1
19:34.2,-7.048954,110.392967,-7.04897,110.393005,292.65,291.22,-1.42,0.57,0.49,0.53,4.56,27.26,8.65,0,1
19:34.4,-7.048954,110.392967,-7.04897,110.393005,296.18,291.22,-4.96,1.07,0.87,0.97,4.56,27.43,4.71,0,1
19:34.6,-7.048954,110.392967,-7.04897,110.393005,297.26,291.22,-6.03,0.72,0.67,0.69,4.56,27.55,6.56,0,1
19:34.8,-7.048954,110.392967,-7.048969,110.392997,297.14,298.86,1.72,0.71,0.71,0.71,3.77,27.68,5.32,0,1
19:35.0,-7.048954,110.392967,-7.048969,110.392997,296.27,298.86,2.58,0.73,0.75,0.74,3.77,27.82,5.1,0,1
19:35.2,-7.048954,110.392967,-7.048969,110.392997,296.89,298.86,1.97,0.75,0.75,0.75,3.77,27.95,5,0,1
19:35.4,-7.048954,110.392967,-7.048969,110.392997,298.86,298.16,-0.7,1.12,0.96,1.04,3.75,28.14,3.59,0,1
19:35.6,-7.048954,110.392967,-7.048969,110.392997,300.36,298.16,-2.2,0.75,0.64,0.69,3.75,28.26,5.39,0,1
19:35.8,-7.048954,110.392967,-7.048969,110.392997,301.73,298.16,-3.57,0.74,0.67,0.71,3.75,28.39,5.31,0,1
19:36.0,-7.048954,110.392967,-7.048969,110.392997,305.38,298.16,-7.22,0.33,0.55,0.44,3.75,28.47,8.52,0,1
19:36.2,-7.048954,110.392967,-7.048969,110.392997,307.23,298.16,-9.08,0.48,0.57,0.52,3.75,28.56,7.16,0,1
19:36.4,-7.048954,110.392967,-7.048969,110.392997,306.96,298.16,-8.8,0.64,0.66,0.65,3.75,28.68,5.77,0,1
19:36.6,-7.048954,110.392967,-7.048969,110.392997,305.17,298.16,-7.01,0.68,0.73,0.7,3.75,28.81,5.34,0,1
19:36.8,-7.048954,110.392967,-7.048969,110.392997,303.71,298.16,-5.55,0.67,0.77,0.72,3.75,28.94,5.19,0,1
19:37.1,-7.048954,110.392967,-7.048969,110.392997,301.88,298.16,-3.72,0.97,1.03,1,3.75,29.12,3.75,0,1
19:37.3,-7.048954,110.392967,-7.048969,110.392997,301.2,298.16,-3.04,0.79,0.8,0.8,3.75,29.26,4.71,0,1
19:37.4,-7.048954,110.392967,-7.048969,110.392997,300.46,298.16,-2.3,0.73,0.73,0.73,3.75,29.39,5.11,0,1
19:37.6,-7.048954,110.392967,-7.048969,110.392997,300.02,298.16,-1.86,0.75,0.77,0.76,3.75,29.53,4.92,0,1
19:37.8,-7.048954,110.392967,-7.048969,110.392997,299.56,298.16,-1.4,0.76,0.75,0.75,3.75,29.67,4.97,0,1
19:38.1,-7.048954,110.392967,-7.048969,110.392997,298.88,298.16,-0.72,1.08,1.11,1.09,3.75,29.86,3.43,0,1
19:38.3,-7.048954,110.392967,-7.048969,110.392997,297.89,298.16,0.27,0.76,0.77,0.76,3.75,30,4.9,0,1
19:38.5,-7.049295,110.392997,-7.048963,110.392974,297.1,175.32,-121.78,0.76,0.79,0.77,36.99,0,47.73,1,1
19:38.7,-7.049295,110.392997,-7.048963,110.392974,295.13,175.33,-119.8,0.75,0.76,0.75,37.04,0.14,49.13,1,1
19:38.8,-7.049295,110.392997,-7.048963,110.392974,290.75,175.33,-115.41,0.29,0.7,0.5,37.04,0.22,74.73,1,1
19:39.1,-7.049295,110.392997,-7.048963,110.392974,278.76,175.33,-103.43,0.27,0.8,0.53,37.04,0.32,69.36,1,1
19:39.3,-7.049295,110.392997,-7.048963,110.392974,267.55,175.33,-92.22,0.08,0.52,0.3,37.04,0.38,123.39,1,1
19:39.5,-7.049295,110.392997,-7.048963,110.392974,258.93,175.33,-83.59,0.03,0.52,0.28,37.04,0.42,134.33,1,1
19:39.7,-7.049295,110.392997,-7.048963,110.392974,244.51,175.33,-69.18,0.01,0.52,0.26,37.04,0.47,141.49,1,1
19:39.9,-7.049295,110.392997,-7.048963,110.392974,232.09,175.33,-56.75,0.01,0.52,0.27,37.04,0.52,139.63,1,1
19:40.1,-7.049295,110.392997,-7.048963,110.392974,210.46,175.33,-35.13,0.01,0.97,0.49,37.04,0.61,75.26,1,1
19:40.3,-7.049295,110.392997,-7.048963,110.392974,193.12,175.33,-17.78,0.1,0.75,0.43,37.04,0.69,86.28,1,1
19:40.5,-7.049295,110.392997,-7.048963,110.392974,182.52,175.33,-7.18,0.18,0.81,0.5,37.04,0.77,74.73,1,1
19:40.7,-7.049295,110.392997,-7.048963,110.392974,165.79,175.33,9.54,0.33,0.84,0.59,37.04,0.88,63.17,1,1
19:40.9,-7.049295,110.392997,-7.048963,110.392974,159.27,175.33,16.06,0.49,0.82,0.65,37.04,1,56.75,1,1
19:41.2,-7.049295,110.392997,-7.048963,110.392974,159.63,175.33,15.7,0.89,0.91,0.9,37.04,1.16,41.29,1,1
19:41.3,-7.049295,110.392997,-7.048963,110.392974,162.96,175.33,12.37,0.75,0.57,0.66,37.04,1.28,56.45,1,1
19:41.5,-7.049295,110.392997,-7.048963,110.392974,165.72,175.33,9.62,0.74,0.57,0.65,37.04,1.39,56.75,1,1
19:41.7,-7.049295,110.392997,-7.048963,110.392974,170.62,175.33,4.71,0.75,0.56,0.65,37.04,1.51,56.75,1,1
19:41.9,-7.049295,110.392997,-7.048963,110.392974,173.82,175.33,1.51,0.73,0.57,0.65,37.04,1.63,57.05,1,1
19:42.2,-7.049295,110.392997,-7.048978,110.392974,177.59,175.11,-2.48,1.11,0.94,1.02,35.3,1.81,34.51,1,1
19:42.4,-7.049295,110.392997,-7.048982,110.392974,178.32,175.06,-3.26,0.74,0.67,0.71,34.93,1.94,49.53,1,1
19:42.6,-7.049295,110.392997,-7.048982,110.392974,177.66,175.06,-2.6,0.71,0.75,0.73,34.93,2.07,47.65,1,1
19:42.7,-7.049295,110.392997,-7.048982,110.392974,175.33,175.06,-0.27,0.7,0.75,0.72,34.93,2.2,48.34,1,1
19:42.9,-7.049295,110.392997,-7.048982,110.392974,173.07,175.06,1.99,0.69,0.78,0.74,34.93,2.33,47.42,1,1
19:43.2,-7.049295,110.392997,-7.048982,110.392974,171.1,175.06,3.96,1.01,1.07,1.04,34.93,2.52,33.69,1,1
19:43.4,-7.049295,110.392997,-7.048982,110.392974,171.17,175.06,3.89,0.68,0.65,0.67,34.93,2.64,52.39,1,1
19:43.6,-7.049295,110.392997,-7.048982,110.392974,172.07,175.06,2.99,0.74,0.7,0.72,34.93,2.77,48.57,1,1
19:43.8,-7.049295,110.392997,-7.048982,110.392974,174.06,175.06,1,0.8,0.72,0.76,34.93,2.91,46.11,1,1
19:43.9,-7.049295,110.392997,-7.048982,110.392974,175.8,175.06,-0.74,0.77,0.71,0.74,34.93,3.04,47.42,1,1
19:44.2,-7.049295,110.392997,-7.048993,110.392974,177.32,174.88,-2.44,1.23,1.14,1.19,33.71,3.25,28.4,1,1
19:44.4,-7.049295,110.392997,-7.048994,110.392974,177.22,174.85,-2.37,0.82,0.8,0.81,33.55,3.4,41.43,1,1
19:44.6,-7.049295,110.392997,-7.048994,110.392974,176.16,174.85,-1.31,0.75,0.81,0.78,33.55,3.54,42.91,1,1
19:44.8,-7.049295,110.392997,-7.048994,110.392974,173.85,174.85,1,0.75,0.84,0.8,33.55,3.68,41.97,1,1
19:45.0,-7.049295,110.392997,-7.048994,110.392974,171.63,174.85,3.22,0.74,0.82,0.78,33.55,3.82,42.91,1,1
19:45.3,-7.049295,110.392997,-7.048994,110.392974,170.74,174.85,4.11,1.08,1.11,1.1,33.55,4.02,30.61,1,1
19:45.4,-7.049295,110.392997,-7.048994,110.392974,170.89,174.85,3.96,0.77,0.75,0.76,33.55,4.16,44.09,1,1
19:45.6,-7.049295,110.392997,-7.048994,110.392974,171.59,174.85,3.27,0.76,0.72,0.74,33.55,4.29,45.34,1,1
19:45.8,-7.049295,110.392997,-7.049005,110.392982,172.72,175.99,3.27,0.77,0.69,0.73,32.28,4.42,44.04,1,1
19:46.0,-7.049295,110.392997,-7.049005,110.392982,173.76,175.99,2.22,0.64,0.56,0.6,32.28,4.53,53.77,1,1
19:46.3,-7.049295,110.392997,-7.049007,110.392982,176.19,175.96,-0.23,0.75,0.64,0.69,32.07,4.66,46.17,1,1
19:46.5,-7.049295,110.392997,-7.049008,110.392982,176.85,175.95,-0.9,0.68,0.52,0.6,31.91,4.77,53.15,1,1
19:46.7,-7.049295,110.392997,-7.049009,110.392982,175.99,175.93,-0.07,0.61,0.61,0.61,31.8,4.88,52.07,1,1
19:46.8,-7.049295,110.392997,-7.049009,110.392982,174.55,175.93,1.37,0.66,0.61,0.64,31.8,4.99,50.06,1,1
19:47.0,-7.049295,110.392997,-7.049009,110.392982,174.02,175.93,1.91,0.53,0.56,0.54,31.8,5.09,58.41,1,1
19:47.3,-7.049295,110.392997,-7.049009,110.392982,175.45,175.93,0.48,0.75,0.67,0.71,31.8,5.22,44.66,1,1
19:47.5,-7.049295,110.392997,-7.049009,110.392982,177.43,175.93,-1.51,0.43,0.37,0.4,31.8,5.29,79.92,1,1
19:47.7,-7.049295,110.392997,-7.049009,110.392982,178.78,175.93,-2.85,0.43,0.33,0.38,31.8,5.36,83.59,1,1
19:47.9,-7.049295,110.392997,-7.049013,110.392982,179.4,175.88,-3.52,0.5,0.48,0.49,31.38,5.44,63.76,1,1
19:48.1,-7.049295,110.392997,-7.049014,110.392982,178.72,175.86,-2.86,0.49,0.53,0.51,31.28,5.54,61.37,1,1
19:48.3,-7.049295,110.392997,-7.049014,110.392982,176.49,175.86,-0.63,0.73,0.81,0.77,31.28,5.67,40.73,1,1
19:48.5,-7.049295,110.392997,-7.049014,110.392982,173.8,175.86,2.06,0.43,0.53,0.48,31.28,5.76,64.93,1,1
19:48.7,-7.049295,110.392997,-7.049014,110.392982,172.05,175.86,3.8,0.44,0.55,0.5,31.28,5.85,63.1,1,1
19:48.9,-7.049295,110.392997,-7.049018,110.392982,170.24,175.8,5.55,0.54,0.57,0.56,30.8,5.95,55.15,1,1
19:49.1,-7.049295,110.392997,-7.049018,110.392982,169.1,175.8,6.69,0.64,0.54,0.59,30.8,6.06,51.9,1,1
19:49.4,-7.049295,110.392997,-7.049018,110.392982,169.12,175.8,6.68,0.84,0.8,0.82,30.8,6.21,37.39,1,1
19:49.5,-7.049295,110.392997,-7.049021,110.392982,170.92,175.76,4.84,0.61,0.53,0.57,30.53,6.31,53.34,1,1
19:49.7,-7.049295,110.392997,-7.049021,110.392982,172.89,175.76,2.87,0.66,0.54,0.6,30.53,6.42,51.15,1,1
19:49.9,-7.049295,110.392997,-7.049021,110.392982,176.57,175.76,-0.81,0.64,0.52,0.58,30.53,6.52,52.38,1,1
19:50.1,-7.049295,110.392997,-7.049021,110.392982,179.01,175.76,-3.25,0.59,0.45,0.52,30.53,6.61,58.71,1,1
19:50.4,-7.049295,110.392997,-7.049021,110.392982,179.6,175.76,-3.85,0.57,0.52,0.54,30.53,6.71,56.43,1,1
19:50.6,-7.049295,110.392997,-7.049021,110.392982,179.1,175.76,-3.34,0.61,0.64,0.63,30.53,6.83,48.6,1,1
19:50.8,-7.049295,110.392997,-7.049027,110.392982,177.59,175.66,-1.93,0.62,0.68,0.65,29.85,6.94,45.97,1,1
19:50.9,-7.049295,110.392997,-7.049027,110.392982,173.17,175.64,2.47,0.73,0.87,0.8,29.69,7.09,36.98,1,1
19:51.1,-7.049295,110.392997,-7.049028,110.392982,170.52,175.64,5.12,0.41,0.56,0.49,29.69,7.17,61.18,1,1
19:51.4,-7.049295,110.392997,-7.049028,110.392982,170.08,175.64,5.56,0.53,0.57,0.55,29.69,7.27,54.17,1,1
19:51.6,-7.049295,110.392997,-7.049028,110.392982,170.81,175.64,4.83,0.63,0.61,0.62,29.69,7.38,47.78,1,1
19:51.8,-7.049295,110.392997,-7.049032,110.392982,172.4,175.56,3.16,0.68,0.6,0.64,29.26,7.5,45.81,1,1
19:52.0,-7.049295,110.392997,-7.049032,110.392982,173.62,175.56,1.94,1.07,0.89,0.98,29.26,7.68,29.83,1,1
19:52.2,-7.049295,110.392997,-7.049032,110.392982,174.43,175.56,1.14,0.68,0.64,0.66,29.26,7.79,44.59,1,1
19:52.4,-7.049295,110.392997,-7.049035,110.392982,174.75,175.54,0.79,0.68,0.64,0.66,29,7.91,43.96,1,1
19:52.6,-7.049295,110.392997,-7.049036,110.392982,175.09,175.51,0.42,0.72,0.7,0.71,28.84,8.04,40.7,1,1
19:52.8,-7.049295,110.392997,-7.049036,110.392982,175.61,175.51,-0.1,0.73,0.71,0.72,28.84,8.17,39.91,1,1
19:53.0,-7.049295,110.392997,-7.049036,110.392982,175.82,175.51,-0.31,0.99,0.88,0.94,28.84,8.34,30.83,1,1
19:53.2,-7.049295,110.392997,-7.049036,110.392982,176.4,175.51,-0.88,0.42,0.42,0.42,28.84,8.41,68.85,1,1
19:53.4,-7.049295,110.392997,-7.049036,110.392982,176.09,175.51,-0.58,0.42,0.45,0.44,28.84,8.49,66.1,1,1
19:53.6,-7.049295,110.392997,-7.049036,110.392982,174.44,175.51,1.07,0.52,0.55,0.53,28.84,8.59,54,1,1
19:53.8,-7.049295,110.392997,-7.049036,110.392982,172.47,175.51,3.04,0.56,0.63,0.59,28.84,8.7,48.6,1,1
19:54.0,-7.049295,110.392997,-7.049036,110.392982,171.38,175.51,4.13,0.93,0.93,0.93,28.84,8.86,31.06,1,1
19:54.2,-7.049295,110.392997,-7.049036,110.392982,171.77,175.51,3.74,0.66,0.64,0.65,28.84,8.98,44.42,1,1
19:54.3,-7.049295,110.392997,-7.049036,110.392982,172.43,175.51,3.09,0.7,0.61,0.66,28.84,9.1,43.95,1,1
19:54.6,-7.049295,110.392997,-7.049036,110.392982,173.41,175.51,2.1,0.7,0.62,0.66,28.84,9.22,43.71,1,1
19:54.7,-7.049295,110.392997,-7.049051,110.39299,174.19,178.4,4.21,0.68,0.66,0.67,27.16,9.34,40.53,1,1
19:55.0,-7.049295,110.392997,-7.049051,110.39299,175.66,178.4,2.74,1.05,0.94,0.99,27.16,9.52,27.4,1,1
19:55.2,-7.049295,110.392997,-7.049055,110.39299,176.72,178.38,1.66,0.7,0.64,0.67,26.68,9.64,40.02,1,1
19:55.4,-7.049295,110.392997,-7.049057,110.39299,177.59,178.36,0.77,0.7,0.64,0.67,26.52,9.76,39.78,1,1
19:55.6,-7.049295,110.392997,-7.049058,110.39299,179.25,178.36,-0.89,0.71,0.64,0.67,26.37,9.88,39.14,1,1
19:55.7,-7.049295,110.392997,-7.049058,110.39299,180.79,178.36,-2.43,0.62,0.56,0.59,26.37,9.98,44.69,1,1
19:56.0,-7.049295,110.392997,-7.049058,110.39299,181.66,178.36,-3.3,0.91,0.89,0.9,26.37,10.15,29.28,1,1
19:56.2,-7.049295,110.392997,-7.049063,110.39299,181.39,178.32,-3.07,0.59,0.64,0.61,25.84,10.26,42.29,1,1
19:56.4,-7.049295,110.392997,-7.049064,110.39299,180.8,178.31,-2.48,0.64,0.71,0.67,25.68,10.38,38.11,1,1
19:56.6,-7.049295,110.392997,-7.049064,110.39299,179.19,178.31,-0.88,0.65,0.68,0.67,25.68,10.5,38.51,1,1
19:56.7,-7.049295,110.392997,-7.049064,110.39299,178.03,178.31,0.28,0.67,0.77,0.72,25.68,10.63,35.71,1,1
19:57.0,-7.049295,110.392997,-7.049064,110.39299,176.42,178.31,1.9,0.97,1.01,0.99,25.68,10.8,25.99,1,1
19:57.2,-7.049295,110.392997,-7.049064,110.39299,174.86,178.31,3.46,0.74,0.71,0.73,25.68,10.93,35.36,1,1
19:57.4,-7.049295,110.392997,-7.049064,110.39299,174.02,178.31,4.29,0.76,0.7,0.73,25.68,11.07,35.19,1,1
19:57.6,-7.049295,110.392997,-7.049064,110.39299,173.59,178.31,4.72,0.73,0.69,0.71,25.68,11.19,36.06,1,1
19:57.8,-7.049295,110.392997,-7.049064,110.39299,175.11,178.31,3.21,0.71,0.65,0.68,25.68,11.32,37.92,1,1
19:58.0,-7.049295,110.392997,-7.049064,110.39299,177.82,178.31,0.49,1.1,0.94,1.02,25.68,11.5,25.19,1,1
19:58.2,-7.049295,110.392997,-7.049064,110.39299,179.99,178.31,-1.68,0.73,0.65,0.69,25.68,11.62,37.34,1,1
19:58.4,-7.049295,110.392997,-7.049064,110.39299,181.08,178.31,-2.77,0.71,0.61,0.66,25.68,11.74,38.92,1,1
19:58.6,-7.049295,110.392997,-7.049064,110.39299,181.6,178.31,-3.29,0.68,0.68,0.68,25.68,11.87,37.53,1,1
19:58.8,-7.049295,110.392997,-7.049064,110.39299,180.96,178.31,-2.64,0.68,0.71,0.69,25.68,11.99,36.96,1,1
19:59.1,-7.049295,110.392997,-7.049064,110.39299,177.94,178.31,0.37,1.08,1.12,1.1,25.68,12.19,23.28,1,1
19:59.3,-7.049295,110.392997,-7.049064,110.39299,175.98,178.31,2.34,0.61,0.71,0.66,25.68,12.31,39.13,1,1
19:59.4,-7.049295,110.392997,-7.049064,110.39299,175.32,178.31,2.99,0.61,0.63,0.62,25.68,12.42,41.56,1,1
19:59.6,-7.049295,110.392997,-7.049064,110.39299,176.12,178.31,2.19,0.65,0.61,0.63,25.68,12.53,40.87,1,1
19:59.8,-7.049295,110.392997,-7.049086,110.39299,178.98,178.14,-0.84,0.67,0.58,0.62,23.29,12.64,37.28,1,1
20:00.1,-7.049295,110.392997,-7.049086,110.39299,184.23,178.14,-6.1,1,0.82,0.91,23.29,12.81,25.66,1,1
20:00.3,-7.049295,110.392997,-7.049088,110.39299,187.94,178.12,-9.82,0.47,0.42,0.44,23.03,12.89,51.94,1,1
20:00.5,-7.049295,110.392997,-7.049089,110.39299,188.16,178.11,-10.05,0.61,0.49,0.55,22.92,12.99,41.82,1,1
20:00.6,-7.049295,110.392997,-7.04909,110.39299,186.9,178.1,-8.8,0.54,0.59,0.56,22.81,13.09,40.6,1,1
20:00.8,-7.049295,110.392997,-7.04909,110.39299,185.44,178.1,-7.34,0.34,0.56,0.45,22.81,13.17,51.06,1,1
20:01.1,-7.049295,110.392997,-7.04909,110.39299,182.23,178.1,-4.13,0.74,0.84,0.79,22.81,13.31,28.79,1,1
20:01.3,-7.049295,110.392997,-7.04909,110.39299,179.78,178.1,-1.69,0.6,0.68,0.64,22.81,13.43,35.52,1,1
20:01.5,-7.049295,110.392997,-7.04909,110.39299,179.22,178.1,-1.12,0.67,0.73,0.7,22.81,13.55,32.68,1,1
20:01.7,-7.049295,110.392997,-7.04909,110.39299,179.23,178.1,-1.13,0.74,0.73,0.74,22.81,13.68,30.98,1,1
20:01.8,-7.049295,110.392997,-7.049097,110.392997,180.53,180,-0.53,0.75,0.72,0.73,22,13.82,30.02,1,1
20:02.1,-7.049295,110.392997,-7.049097,110.392997,182.76,180,-2.76,1.1,0.99,1.05,22,14,21.01,1,1
20:02.3,-7.049295,110.392997,-7.049097,110.392997,183.77,180,-3.77,0.67,0.64,0.65,22,14.12,33.71,1,1
20:02.5,-7.049295,110.392997,-7.049101,110.392997,184.05,180,-4.05,0.59,0.58,0.59,21.58,14.23,36.8,1,1
20:02.7,-7.049295,110.392997,-7.049101,110.392997,183.34,180,-3.34,0.43,0.54,0.49,21.58,14.31,44.48,1,1
20:02.9,-7.049295,110.392997,-7.049103,110.392997,181.56,180,-1.56,0.37,0.46,0.42,21.31,14.39,51.31,1,1
20:03.1,-7.049295,110.392997,-7.049103,110.392997,177.29,180,2.71,0.73,0.77,0.75,21.31,14.52,28.4,1,1
20:03.3,-7.049295,110.392997,-7.049103,110.392997,174.04,180,5.96,0.54,0.64,0.59,21.31,14.63,35.92,1,1
20:03.5,-7.049295,110.392997,-7.049107,110.392997,173.57,180,6.43,0.67,0.7,0.68,20.89,14.75,30.53,1,1
20:03.7,-7.049295,110.392997,-7.049107,110.392997,174.02,180,5.98,0.71,0.63,0.67,20.89,14.87,31.33,1,1
20:03.9,-7.049295,110.392997,-7.049107,110.392997,175.64,180,4.36,0.68,0.59,0.64,20.89,14.99,32.7,1,1
20:04.1,-7.049295,110.392997,-7.049107,110.392997,179.82,180,0.18,1.06,0.88,0.97,20.89,15.16,21.53,1,1
20:04.3,-7.049295,110.392997,-7.049107,110.392997,182.34,180,-2.34,0.75,0.59,0.67,20.89,15.28,31.33,1,1
20:04.5,-7.049295,110.392997,-7.049107,110.392997,183.55,180,-3.55,0.75,0.68,0.72,20.89,15.41,29.05,1,1
20:04.7,-7.049295,110.392997,-7.049115,110.392997,184.95,180,-4.95,0.72,0.66,0.69,19.99,15.54,28.92,1,1
20:04.9,-7.049295,110.392997,-7.049115,110.392997,185.27,180,-5.27,0.68,0.7,0.69,19.99,15.66,28.92,1,1
20:05.1,-7.049295,110.392997,-7.049117,110.392997,184.88,180,-4.88,0.89,0.91,0.9,19.83,15.82,22.02,1,1
20:05.3,-7.049295,110.392997,-7.049119,110.392997,183.78,180,-3.78,0.54,0.62,0.58,19.57,15.93,33.76,1,1
20:05.5,-7.049295,110.392997,-7.049119,110.392997,182.61,180,-2.61,0.52,0.6,0.56,19.57,16.03,34.81,1,1
20:05.7,-7.049295,110.392997,-7.049119,110.392997,180.07,180,-0.07,0.62,0.66,0.64,19.57,16.14,30.63,1,1
20:05.9,-7.049295,110.392997,-7.049123,110.392997,178.14,180,1.86,0.61,0.71,0.66,19.09,16.26,28.93,1,1
20:06.2,-7.049295,110.392997,-7.049123,110.392997,176.93,180,3.07,0.93,0.98,0.95,19.09,16.43,20.03,1,1
20:06.3,-7.049295,110.392997,-7.049123,110.392997,177.23,180,2.77,0.75,0.73,0.74,19.09,16.57,25.92,1,1
20:06.5,-7.049295,110.392997,-7.049123,110.392997,178.5,180,1.5,0.8,0.73,0.76,19.09,16.71,24.97,1,1
20:06.7,-7.049295,110.392997,-7.049129,110.392997,181.46,180,-1.46,0.42,0.43,0.42,18.5,16.78,43.81,1,1
20:06.9,-7.049295,110.392997,-7.049129,110.392997,182.93,180,-2.93,0.66,0.59,0.62,18.4,16.89,29.45,1,1
20:07.2,-7.049295,110.392997,-7.049129,110.392997,181.65,180,-1.65,0.94,0.96,0.95,18.4,17.07,19.31,1,1
20:07.4,-7.049295,110.392997,-7.049129,110.392997,178.76,180,1.24,0.64,0.73,0.68,18.4,17.19,26.89,1,1
20:07.6,-7.049295,110.392997,-7.049129,110.392997,176.83,180,3.17,0.65,0.73,0.69,18.4,17.31,26.62,1,1
20:07.7,-7.049295,110.392997,-7.049129,110.392997,173.47,180,6.53,0.67,0.75,0.71,18.4,17.44,25.96,1,1
20:07.9,-7.049295,110.392997,-7.049135,110.392997,172.7,180,7.3,0.68,0.75,0.72,17.82,17.57,24.9,1,1
20:08.1,-7.049295,110.392997,-7.049136,110.392997,174.87,180,5.13,1.12,0.98,1.05,17.71,17.76,16.91,1,1
20:08.3,-7.049295,110.392997,-7.049137,110.392997,177.55,180,2.45,0.77,0.64,0.7,17.55,17.88,25.01,1,1
20:08.5,-7.049295,110.392997,-7.049137,110.392997,179.6,180,0.4,0.75,0.61,0.68,17.55,18.01,25.65,1,1
20:08.8,-7.049295,110.392997,-7.04914,110.392997,182.96,180,-2.96,0.8,0.67,0.74,17.23,18.14,23.4,1,1
20:08.9,-7.049295,110.392997,-7.04914,110.392997,185.69,180,-5.69,0.59,0.54,0.57,17.23,18.24,30.29,1,1
20:09.1,-7.049295,110.392997,-7.049142,110.392997,186.34,180,-6.34,0.87,0.82,0.84,16.97,18.39,20.17,1,1
20:09.3,-7.049295,110.392997,-7.049143,110.392997,185.53,180,-5.53,0.6,0.66,0.63,16.86,18.51,26.84,1,1
20:09.5,-7.049295,110.392997,-7.049145,110.392997,184.47,180,-4.47,0.59,0.66,0.62,16.7,18.62,26.73,1,1
20:09.8,-7.049295,110.392997,-7.049145,110.392997,182.29,180,-2.29,0.61,0.68,0.65,16.7,18.74,25.86,1,1
20:10.0,-7.049295,110.392997,-7.049145,110.392997,181,180,-1,0.62,0.7,0.66,16.7,18.85,25.32,1,1
20:10.2,-7.049295,110.392997,-7.049145,110.392997,179.28,180,0.72,0.96,1.03,0.99,16.7,19.03,16.79,1,1
20:10.3,-7.049295,110.392997,-7.049145,110.392997,178.74,180,1.26,0.71,0.75,0.73,16.7,19.16,22.78,1,1
20:10.5,-7.049295,110.392997,-7.049145,110.392997,178.2,180,1.8,0.75,0.68,0.72,16.7,19.29,23.34,1,1
20:10.8,-7.049295,110.392997,-7.049152,110.392997,177.98,180,2.02,0.67,0.64,0.66,15.85,19.41,24.16,1,1
20:11.0,-7.049295,110.392997,-7.049152,110.392997,179.25,180,0.75,0.65,0.61,0.63,15.85,19.53,25.09,1,1
20:11.2,-7.049295,110.392997,-7.049152,110.392997,182.49,180,-2.49,1.01,0.86,0.94,15.85,19.69,16.95,1,1
20:11.4,-7.049295,110.392997,-7.049158,110.392997,184.47,180,-4.47,0.72,0.64,0.68,15.27,19.82,22.55,1,1
20:11.6,-7.049295,110.392997,-7.049158,110.392997,184.47,180,-4.47,0.72,0.68,0.7,15.27,19.94,21.87,1,1
20:11.8,-7.049295,110.392997,-7.049158,110.392997,183.02,180,-3.02,0.7,0.76,0.73,15.27,20.07,20.93,1,1
20:12.0,-7.049295,110.392997,-7.04916,110.392997,180.84,180,-0.84,0.65,0.72,0.68,14.95,20.2,21.85,1,1
20:12.2,-7.049295,110.392997,-7.04916,110.392997,176.57,180,3.43,0.92,1.03,0.98,14.95,20.37,15.3,1,1
20:12.4,-7.049295,110.392997,-7.04916,110.392997,174.31,180,5.69,0.6,0.72,0.66,14.95,20.49,22.66,1,1
20:12.6,-7.049295,110.392997,-7.04916,110.392997,173.86,180,6.14,0.71,0.7,0.7,14.95,20.62,21.31,1,1
20:12.9,-7.049295,110.392997,-7.049167,110.393005,174.47,186.02,11.56,0.73,0.71,0.72,14.29,20.75,19.97,1,1
20:13.0,-7.049295,110.392997,-7.049167,110.393005,175.58,186.02,10.44,0.75,0.65,0.7,14.29,20.87,20.36,1,1
20:13.2,-7.049295,110.392997,-7.049167,110.393005,179.15,186.02,6.87,0.98,0.84,0.91,14.29,21.04,15.62,1,1
20:13.4,-7.049295,110.392997,-7.04917,110.393005,182.94,186.21,3.27,0.72,0.57,0.65,13.92,21.15,21.55,1,1
20:13.6,-7.049295,110.392997,-7.04917,110.393005,185.04,186.21,1.16,0.77,0.59,0.68,13.92,21.27,20.55,1,1
20:13.9,-7.049295,110.392997,-7.049173,110.393005,188.08,186.31,-1.76,0.73,0.64,0.68,13.6,21.4,19.88,1,1
20:14.1,-7.049295,110.392997,-7.049174,110.393005,189.23,186.43,-2.81,0.73,0.64,0.68,13.49,21.52,19.72,1,1
20:14.2,-7.049295,110.392997,-7.049174,110.393005,187.49,186.43,-1.07,0.98,1.03,1.01,13.49,21.7,13.38,1,1
20:14.4,-7.049295,110.392997,-7.049174,110.393005,185.05,186.43,1.38,0.68,0.75,0.72,13.49,21.83,18.86,1,1
20:14.6,-7.049295,110.392997,-7.049174,110.393005,183.88,186.43,2.54,0.61,0.74,0.68,13.49,21.95,19.93,1,1
20:14.9,-7.049295,110.392997,-7.049174,110.393005,183.74,186.43,2.69,0.7,0.68,0.69,13.49,22.08,19.52,1,1
20:15.1,-7.049295,110.392997,-7.049181,110.393005,184.74,186.83,2.1,0.69,0.61,0.65,12.7,22.2,19.46,1,1
20:15.3,-7.049295,110.392997,-7.049181,110.393005,187.48,186.83,-0.64,1.01,0.94,0.97,12.7,22.37,13.04,1,1
20:15.4,-7.049295,110.392997,-7.049181,110.393005,189.72,186.83,-2.89,0.76,0.64,0.7,12.7,22.5,18.1,1,1
20:15.6,-7.049295,110.392997,-7.049181,110.393005,190.56,186.83,-3.73,0.77,0.71,0.74,12.7,22.63,17.24,1,1
20:15.9,-7.049295,110.392997,-7.049187,110.393005,190.42,187.18,-3.24,0.75,0.75,0.75,12.07,22.76,16.08,1,1
20:16.1,-7.049295,110.392997,-7.049187,110.393005,188.57,187.18,-1.39,0.69,0.75,0.72,12.07,22.89,16.7,1,1
20:16.3,-7.049295,110.392997,-7.049187,110.393005,186.08,187.18,1.1,0.88,0.99,0.94,12.07,23.06,12.9,1,1
20:16.5,-7.049295,110.392997,-7.049187,110.393005,184.25,187.18,2.93,0.53,0.6,0.57,12.07,23.16,21.34,1,1
20:16.7,-7.049295,110.392997,-7.049187,110.393005,183.33,187.18,3.86,0.54,0.57,0.56,12.07,23.27,21.6,1,1
20:16.9,-7.049295,110.392997,-7.049187,110.393005,182.15,187.18,5.03,0.65,0.61,0.63,12.07,23.38,19.1,1,1
20:17.1,-7.049295,110.392997,-7.049187,110.393005,181.77,187.18,5.41,0.66,0.64,0.65,12.07,23.5,18.58,1,1
20:17.3,-7.049295,110.392997,-7.049187,110.393005,181.87,187.18,5.31,1.08,1.01,1.04,12.07,23.68,11.56,1,1
20:17.5,-7.049295,110.392997,-7.049187,110.393005,181.75,187.18,5.43,0.75,0.67,0.71,12.07,23.81,17.03,1,1
20:17.7,-7.049295,110.392997,-7.049187,110.393005,182.22,187.18,4.96,0.75,0.71,0.73,12.07,23.94,16.54,1,1
20:18.0,-7.049295,110.392997,-7.049187,110.393005,183.07,187.18,4.11,0.71,0.59,0.65,12.07,24.06,18.68,1,1
20:18.2,-7.049295,110.392997,-7.049202,110.393005,184.09,188.44,4.35,0.75,0.68,0.72,10.32,24.19,14.42,1,1
20:18.3,-7.049295,110.392997,-7.049202,110.393005,186.83,188.44,1.61,1.13,1.03,1.08,10.32,24.38,9.54,1,1
20:18.5,-7.049295,110.392997,-7.049202,110.393005,188.99,188.44,-0.55,0.75,0.67,0.71,10.32,24.51,14.49,1,1
20:18.7,-7.049295,110.392997,-7.049206,110.393005,190.2,188.76,-1.43,0.78,0.71,0.74,9.9,24.64,13.31,1,1
20:19.0,-7.049295,110.392997,-7.049206,110.393005,191.44,188.76,-2.68,0.77,0.69,0.73,9.9,24.78,13.5,1,1
20:19.2,-7.049295,110.392997,-7.049206,110.393005,191.12,188.76,-2.36,0.74,0.77,0.76,9.9,24.91,13.07,1,1
20:19.3,-7.049295,110.392997,-7.049206,110.393005,189.38,188.76,-0.62,1.08,1.13,1.1,9.9,25.11,8.97,1,1
20:19.5,-7.049295,110.392997,-7.049206,110.393005,187.79,188.76,0.97,0.67,0.76,0.72,9.9,25.24,13.83,1,1
20:19.7,-7.049295,110.392997,-7.049206,110.393005,186.38,188.76,2.38,0.69,0.73,0.71,9.9,25.37,13.9,1,1
20:20.0,-7.049295,110.392997,-7.049215,110.393005,183.81,189.69,5.88,0.71,0.81,0.76,8.95,25.51,11.76,1,1
20:20.2,-7.049295,110.392997,-7.049215,110.393005,183.46,189.69,6.23,0.75,0.76,0.75,8.95,25.64,11.87,1,1
20:20.4,-7.049295,110.392997,-7.049219,110.393005,185.03,190.23,5.2,1.06,0.93,0.99,8.47,25.82,8.52,1,1
20:20.6,-7.049295,110.392997,-7.049219,110.393005,186.91,190.23,3.32,0.71,0.64,0.67,8.47,25.94,12.58,1,1
20:20.8,-7.049295,110.392997,-7.049219,110.393005,188.13,190.23,2.1,0.77,0.67,0.72,8.47,26.07,11.78,1,1
20:21.0,-7.049295,110.392997,-7.049219,110.393005,190.15,190.23,0.08,0.43,0.45,0.44,8.47,26.15,19.26,1,1
20:21.2,-7.049295,110.392997,-7.049219,110.393005,191.31,190.23,-1.08,0.64,0.51,0.58,8.47,26.25,14.71,1,1
20:21.4,-7.049295,110.392997,-7.049219,110.393005,192.45,190.23,-2.22,0.9,0.87,0.89,8.47,26.41,9.56,1,1
20:21.6,-7.049295,110.392997,-7.049228,110.393005,191.97,191.65,-0.32,0.64,0.67,0.66,7.52,26.53,11.46,1,1
20:21.8,-7.049295,110.392997,-7.049228,110.393005,190.8,191.65,0.85,0.63,0.68,0.65,7.52,26.65,11.53,1,1
20:22.1,-7.049295,110.392997,-7.049228,110.393005,188.17,191.65,3.48,0.66,0.76,0.71,7.52,26.78,10.62,1,1
20:22.3,-7.049295,110.392997,-7.049228,110.393005,186.66,191.65,5,0.68,0.72,0.7,7.52,26.9,10.78,1,1
20:22.4,-7.049295,110.392997,-7.049228,110.393005,186.15,191.65,5.5,1.01,1.01,1.01,7.52,27.08,7.46,1,1
20:22.6,-7.049295,110.392997,-7.049228,110.393005,186.44,191.65,5.21,0.66,0.62,0.64,7.52,27.2,11.71,1,1
20:22.8,-7.049295,110.392997,-7.049228,110.393005,186.62,191.65,5.03,0.69,0.64,0.66,7.52,27.32,11.34,1,1
20:23.1,-7.049295,110.392997,-7.049228,110.393005,187.14,191.65,4.52,0.71,0.69,0.7,7.52,27.44,10.72,1,1
20:23.3,-7.049295,110.392997,-7.049228,110.393005,187.23,191.65,4.42,0.77,0.64,0.7,7.52,27.57,10.72,1,1
20:23.5,-7.049295,110.392997,-7.049228,110.393005,188.83,191.65,2.82,1.07,0.98,1.03,7.52,27.76,7.33,1,1
20:23.7,-7.049295,110.392997,-7.049228,110.393005,190.84,191.65,0.81,0.72,0.62,0.67,7.52,27.88,11.23,1,1
20:23.8,-7.049295,110.392997,-7.049228,110.393005,192.04,191.65,-0.39,0.77,0.68,0.73,7.52,28.01,10.31,1,1
20:24.1,-7.049295,110.392997,-7.049228,110.393005,194.1,191.65,-2.45,0.8,0.73,0.76,7.52,28.15,9.84,1,1
20:24.3,-7.049295,110.392997,-7.049228,110.393005,194.71,191.65,-3.06,0.78,0.71,0.75,7.52,28.28,10.07,1,1
20:24.5,-7.049295,110.392997,-7.049228,110.393005,194.03,191.65,-2.38,1.12,1.14,1.13,7.52,28.48,6.65,1,1
20:24.7,-7.049295,110.392997,-7.049248,110.392997,192.71,180,-12.71,0.75,0.77,0.76,5.2,28.62,6.8,1,1
20:24.9,-7.049295,110.392997,-7.049248,110.392997,191.91,180,-11.91,0.68,0.77,0.72,5.2,28.75,7.19,1,1
20:25.1,-7.049295,110.392997,-7.049248,110.392997,189.85,180,-9.85,0.58,0.74,0.66,5.2,28.87,7.88,1,1
20:25.3,-7.049295,110.392997,-7.049253,110.392997,187.8,180,-7.8,0.6,0.71,0.66,4.67,28.99,7.11,1,1
20:25.5,-7.049295,110.392997,-7.049253,110.392997,184.57,180,-4.57,0.9,1.02,0.96,4.67,29.16,4.86,1,1
20:25.7,-7.049295,110.392997,-7.049253,110.392997,182.07,180,-2.07,0.68,0.77,0.72,4.67,29.29,6.46,1,1
20:25.8,-7.049295,110.392997,-7.049253,110.392997,180.62,180,-0.62,0.76,0.78,0.77,4.67,29.43,6.05,1,1
20:26.1,-7.049295,110.392997,-7.049253,110.392997,178.75,180,1.25,0.73,0.75,0.74,4.67,29.56,6.34,1,1
20:26.3,-7.049295,110.392997,-7.04926,110.392997,178.57,180,1.43,0.71,0.72,0.71,3.92,29.69,5.51,1,1
20:26.5,-7.049295,110.392997,-7.04926,110.392997,182.57,180,-2.57,0.94,0.82,0.88,3.92,29.85,4.48,1,1
20:26.7,-7.049295,110.392997,-7.04926,110.392997,186.98,180,-6.98,0.74,0.58,0.66,3.92,29.97,5.95,1,1
20:26.9,-7.049295,110.392997,-7.04926,110.392997,188.76,180,-8.76,0.77,0.64,0.71,3.92,30.09,5.56,1,1
20:27.2,-7.049295,110.392997,-7.04926,110.392997,190.09,180,-10.09,0.7,0.66,0.68,3.92,30.22,5.76,1,1
20:27.4,-7.049295,110.392997,-7.04926,110.392997,190.1,180,-10.1,0.68,0.69,0.69,3.92,30.34,5.71,1,1
20:27.5,-7.049295,110.392997,-7.04926,110.392997,189.53,180,-9.53,0.99,1.07,1.03,3.92,30.53,3.81,1,1
20:27.7,-7.049295,110.392997,-7.04926,110.392997,188.88,180,-8.88,0.67,0.73,0.7,3.92,30.65,5.62,1,1
20:27.9,-7.049295,110.392997,-7.04926,110.392997,188.51,180,-8.51,0.64,0.8,0.72,3.92,30.78,5.46,1,1
20:28.2,-7.049295,110.392997,-7.049272,110.392997,188.18,180,-8.18,0.67,0.68,0.67,2.55,30.9,3.78,1,1
20:28.4,-7.049295,110.392997,-7.049273,110.392997,186.75,180,-6.75,0.52,0.59,0.55,2.44,31,4.42,1,1
20:28.6,-7.049295,110.392997,-7.049273,110.392997,182.32,180,-2.32,0.52,0.67,0.59,2.44,31.11,4.11,1,1
20:28.8,-7.049295,110.392997,-7.049273,110.392997,178.86,180,1.14,0.29,0.44,0.36,2.44,31.17,6.72,1,1
20:29.0,-7.049295,110.392997,-7.049273,110.392997,177.1,180,2.9,0.25,0.38,0.32,2.44,31.23,7.68,1,1
20:29.2,-7.049295,110.392997,-7.049273,110.392997,175.24,180,4.76,0.24,0.3,0.27,2.44,31.28,8.96,1,1
20:29.4,-7.049295,110.392997,-7.049277,110.392997,175.01,180,4.99,0.25,0.27,0.26,2.01,31.33,7.8,1,1
20:29.6,-7.049295,110.392997,-7.049277,110.392997,177,180,3,0.39,0.34,0.36,2.01,31.39,5.55,1,1
20:29.8,-7.049295,110.392997,-7.049277,110.392997,179.55,180,0.45,0.31,0.22,0.27,2.01,31.44,7.59,1,1
20:30.0,-7.049295,110.392997,-7.049277,110.392997,181.34,180,-1.34,0.31,0.19,0.25,2.01,31.48,8.13,1,1
20:30.2,-7.049295,110.392997,-7.049277,110.392997,184.4,180,-4.4,0.29,0.19,0.24,2.01,31.53,8.49,1,1
20:30.4,-7.049295,110.392997,-7.049277,110.392997,185.9,180,-5.9,0.28,0.2,0.24,2.01,31.57,8.37,1,1
20:30.6,-7.049295,110.392997,-7.049277,110.392997,186.6,180,-6.6,0.34,0.31,0.32,2.01,31.63,6.27,1,1
20:30.8,-7.049295,110.392997,-7.049277,110.392997,185.76,180,-5.76,0.21,0.23,0.22,2.01,31.67,9.16,1,1
20:31.0,-7.049295,110.392997,-7.049277,110.392997,184.83,180,-4.83,0.2,0.26,0.23,2.01,31.71,8.88,1,1
20:31.3,-7.049295,110.392997,-7.049277,110.392997,183,180,-3,0.19,0.25,0.22,2.01,31.75,9.16,1,1
20:31.4,-7.049295,110.392997,-7.049277,110.392997,181.61,180,-1.61,0.2,0.27,0.23,2.01,31.79,8.62,1,1
20:31.6,-7.049295,110.392997,-7.049277,110.392997,179.41,180,0.59,0.27,0.36,0.31,2.01,31.85,6.49,1,1
20:31.8,-7.049295,110.392997,-7.049277,110.392997,178.22,180,1.78,0.2,0.26,0.23,2.01,31.89,8.75,1,1
